[{"model": "admin.logentry", "pk": 1, "fields": {"action_time": "2025-12-24T12:02:35.721Z", "user": 2, "content_type": 11, "object_id": "12", "object_repr": "User object (12)", "action_flag": 2, "change_message": "[{\"changed\": {\"fields\": [\"Is active\"]}}]"}}, {"model": "admin.logentry", "pk": 2, "fields": {"action_time": "2025-12-24T12:04:45.653Z", "user": 2, "content_type": 11, "object_id": "13", "object_repr": "User object (13)", "action_flag": 2, "change_message": "[{\"changed\": {\"fields\": [\"Is active\"]}}]"}}, {"model": "admin.logentry", "pk": 3, "fields": {"action_time": "2025-12-24T12:22:29.227Z", "user": 2, "content_type": 11, "object_id": "13", "object_repr": "User object (13)", "action_flag": 2, "change_message": "[{\"changed\": {\"fields\": [\"Is active\"]}}]"}}, {"model": "admin.logentry", "pk": 4, "fields": {"action_time": "2025-12-24T14:03:01.725Z", "user": 2, "content_type": 7, "object_id": "14", "object_repr": "Course object (14)", "action_flag": 2, "change_message": "[]"}}, {"model": "admin.logentry", "pk": 5, "fields": {"action_time": "2025-12-24T15:04:54.213Z", "user": 2, "content_type": 7, "object_id": "1", "object_repr": "Course object (1)", "action_flag": 3, "change_message": ""}}, {"model": "admin.logentry", "pk": 6, "fields": {"action_time": "2025-12-24T15:05:02.685Z", "user": 2, "content_type": 7, "object_id": "2", "object_repr": "Course object (2)", "action_flag": 3, "change_message": ""}}, {"model": "admin.logentry", "pk": 7, "fields": {"action_time": "2025-12-24T15:05:09.553Z", "user": 2, "content_type": 7, "object_id": "3", "object_repr": "Course object (3)", "action_flag": 3, "change_message": ""}}, {"model": "admin.logentry", "pk": 8, "fields": {"action_time": "2025-12-24T15:05:15.762Z", "user": 2, "content_type": 7, "object_id": "4", "object_repr": "Course object (4)", "action_flag": 3, "change_message": ""}}, {"model": "auth.permission", "pk": 1, "fields": {"name": "Can add log entry", "content_type": 1, "codename": "add_logentry"}}, {"model": "auth.permission", "pk": 2, "fields": {"name": "Can change log entry", "content_type": 1, "codename": "change_logentry"}}, {"model": "auth.permission", "pk": 3, "fields": {"name": "Can delete log entry", "content_type": 1, "codename": "delete_logentry"}}, {"model": "auth.permission", "pk": 4, "fields": {"name": "Can view log entry", "content_type": 1, "codename": "view_logentry"}}, {"model": "auth.permission", "pk": 5, "fields": {"name": "Can add permission", "content_type": 2, "codename": "add_permission"}}, {"model": "auth.permission", "pk": 6, "fields": {"name": "Can change permission", "content_type": 2, "codename": "change_permission"}}, {"model": "auth.permission", "pk": 7, "fields": {"name": "Can delete permission", "content_type": 2, "codename": "delete_permission"}}, {"model": "auth.permission", "pk": 8, "fields": {"name": "Can view permission", "content_type": 2, "codename": "view_permission"}}, {"model": "auth.permission", "pk": 9, "fields": {"name": "Can add group", "content_type": 3, "codename": "add_group"}}, {"model": "auth.permission", "pk": 10, "fields": {"name": "Can change group", "content_type": 3, "codename": "change_group"}}, {"model": "auth.permission", "pk": 11, "fields": {"name": "Can delete group", "content_type": 3, "codename": "delete_group"}}, {"model": "auth.permission", "pk": 12, "fields": {"name": "Can view group", "content_type": 3, "codename": "view_group"}}, {"model": "auth.permission", "pk": 13, "fields": {"name": "Can add user", "content_type": 4, "codename": "add_user"}}, {"model": "auth.permission", "pk": 14, "fields": {"name": "Can change user", "content_type": 4, "codename": "change_user"}}, {"model": "auth.permission", "pk": 15, "fields": {"name": "Can delete user", "content_type": 4, "codename": "delete_user"}}, {"model": "auth.permission", "pk": 16, "fields": {"name": "Can view user", "content_type": 4, "codename": "view_user"}}, {"model": "auth.permission", "pk": 17, "fields": {"name": "Can add content type", "content_type": 5, "codename": "add_contenttype"}}, {"model": "auth.permission", "pk": 18, "fields": {"name": "Can change content type", "content_type": 5, "codename": "change_contenttype"}}, {"model": "auth.permission", "pk": 19, "fields": {"name": "Can delete content type", "content_type": 5, "codename": "delete_contenttype"}}, {"model": "auth.permission", "pk": 20, "fields": {"name": "Can view content type", "content_type": 5, "codename": "view_contenttype"}}, {"model": "auth.permission", "pk": 21, "fields": {"name": "Can add session", "content_type": 6, "codename": "add_session"}}, {"model": "auth.permission", "pk": 22, "fields": {"name": "Can change session", "content_type": 6, "codename": "change_session"}}, {"model": "auth.permission", "pk": 23, "fields": {"name": "Can delete session", "content_type": 6, "codename": "delete_session"}}, {"model": "auth.permission", "pk": 24, "fields": {"name": "Can view session", "content_type": 6, "codename": "view_session"}}, {"model": "auth.permission", "pk": 25, "fields": {"name": "Can add enrollment", "content_type": 9, "codename": "add_enrollment"}}, {"model": "auth.permission", "pk": 26, "fields": {"name": "Can change enrollment", "content_type": 9, "codename": "change_enrollment"}}, {"model": "auth.permission", "pk": 27, "fields": {"name": "Can delete enrollment", "content_type": 9, "codename": "delete_enrollment"}}, {"model": "auth.permission", "pk": 28, "fields": {"name": "Can view enrollment", "content_type": 9, "codename": "view_enrollment"}}, {"model": "auth.permission", "pk": 29, "fields": {"name": "Can add review", "content_type": 10, "codename": "add_review"}}, {"model": "auth.permission", "pk": 30, "fields": {"name": "Can change review", "content_type": 10, "codename": "change_review"}}, {"model": "auth.permission", "pk": 31, "fields": {"name": "Can delete review", "content_type": 10, "codename": "delete_review"}}, {"model": "auth.permission", "pk": 32, "fields": {"name": "Can view review", "content_type": 10, "codename": "view_review"}}, {"model": "auth.permission", "pk": 33, "fields": {"name": "Can add lesson", "content_type": 8, "codename": "add_lesson"}}, {"model": "auth.permission", "pk": 34, "fields": {"name": "Can change lesson", "content_type": 8, "codename": "change_lesson"}}, {"model": "auth.permission", "pk": 35, "fields": {"name": "Can delete lesson", "content_type": 8, "codename": "delete_lesson"}}, {"model": "auth.permission", "pk": 36, "fields": {"name": "Can view lesson", "content_type": 8, "codename": "view_lesson"}}, {"model": "auth.permission", "pk": 37, "fields": {"name": "Can add user", "content_type": 11, "codename": "add_user"}}, {"model": "auth.permission", "pk": 38, "fields": {"name": "Can change user", "content_type": 11, "codename": "change_user"}}, {"model": "auth.permission", "pk": 39, "fields": {"name": "Can delete user", "content_type": 11, "codename": "delete_user"}}, {"model": "auth.permission", "pk": 40, "fields": {"name": "Can view user", "content_type": 11, "codename": "view_user"}}, {"model": "auth.permission", "pk": 41, "fields": {"name": "Can add course", "content_type": 7, "codename": "add_course"}}, {"model": "auth.permission", "pk": 42, "fields": {"name": "Can change course", "content_type": 7, "codename": "change_course"}}, {"model": "auth.permission", "pk": 43, "fields": {"name": "Can delete course", "content_type": 7, "codename": "delete_course"}}, {"model": "auth.permission", "pk": 44, "fields": {"name": "Can view course", "content_type": 7, "codename": "view_course"}}, {"model": "auth.permission", "pk": 45, "fields": {"name": "Can add module", "content_type": 12, "codename": "add_module"}}, {"model": "auth.permission", "pk": 46, "fields": {"name": "Can change module", "content_type": 12, "codename": "change_module"}}, {"model": "auth.permission", "pk": 47, "fields": {"name": "Can delete module", "content_type": 12, "codename": "delete_module"}}, {"model": "auth.permission", "pk": 48, "fields": {"name": "Can view module", "content_type": 12, "codename": "view_module"}}, {"model": "auth.permission", "pk": 49, "fields": {"name": "Can add rating", "content_type": 13, "codename": "add_rating"}}, {"model": "auth.permission", "pk": 50, "fields": {"name": "Can change rating", "content_type": 13, "codename": "change_rating"}}, {"model": "auth.permission", "pk": 51, "fields": {"name": "Can delete rating", "content_type": 13, "codename": "delete_rating"}}, {"model": "auth.permission", "pk": 52, "fields": {"name": "Can view rating", "content_type": 13, "codename": "view_rating"}}, {"model": "auth.permission", "pk": 53, "fields": {"name": "Can add category", "content_type": 14, "codename": "add_category"}}, {"model": "auth.permission", "pk": 54, "fields": {"name": "Can change category", "content_type": 14, "codename": "change_category"}}, {"model": "auth.permission", "pk": 55, "fields": {"name": "Can delete category", "content_type": 14, "codename": "delete_category"}}, {"model": "auth.permission", "pk": 56, "fields": {"name": "Can view category", "content_type": 14, "codename": "view_category"}}, {"model": "auth.permission", "pk": 57, "fields": {"name": "Can add role", "content_type": 15, "codename": "add_role"}}, {"model": "auth.permission", "pk": 58, "fields": {"name": "Can change role", "content_type": 15, "codename": "change_role"}}, {"model": "auth.permission", "pk": 59, "fields": {"name": "Can delete role", "content_type": 15, "codename": "delete_role"}}, {"model": "auth.permission", "pk": 60, "fields": {"name": "Can view role", "content_type": 15, "codename": "view_role"}}, {"model": "auth.permission", "pk": 61, "fields": {"name": "Can add user role", "content_type": 16, "codename": "add_userrole"}}, {"model": "auth.permission", "pk": 62, "fields": {"name": "Can change user role", "content_type": 16, "codename": "change_userrole"}}, {"model": "auth.permission", "pk": 63, "fields": {"name": "Can delete user role", "content_type": 16, "codename": "delete_userrole"}}, {"model": "auth.permission", "pk": 64, "fields": {"name": "Can view user role", "content_type": 16, "codename": "view_userrole"}}, {"model": "auth.permission", "pk": 65, "fields": {"name": "Can add payment", "content_type": 17, "codename": "add_payment"}}, {"model": "auth.permission", "pk": 66, "fields": {"name": "Can change payment", "content_type": 17, "codename": "change_payment"}}, {"model": "auth.permission", "pk": 67, "fields": {"name": "Can delete payment", "content_type": 17, "codename": "delete_payment"}}, {"model": "auth.permission", "pk": 68, "fields": {"name": "Can view payment", "content_type": 17, "codename": "view_payment"}}, {"model": "auth.permission", "pk": 69, "fields": {"name": "Can add comment", "content_type": 18, "codename": "add_comment"}}, {"model": "auth.permission", "pk": 70, "fields": {"name": "Can change comment", "content_type": 18, "codename": "change_comment"}}, {"model": "auth.permission", "pk": 71, "fields": {"name": "Can delete comment", "content_type": 18, "codename": "delete_comment"}}, {"model": "auth.permission", "pk": 72, "fields": {"name": "Can view comment", "content_type": 18, "codename": "view_comment"}}, {"model": "auth.permission", "pk": 73, "fields": {"name": "Can add assignment", "content_type": 19, "codename": "add_assignment"}}, {"model": "auth.permission", "pk": 74, "fields": {"name": "Can change assignment", "content_type": 19, "codename": "change_assignment"}}, {"model": "auth.permission", "pk": 75, "fields": {"name": "Can delete assignment", "content_type": 19, "codename": "delete_assignment"}}, {"model": "auth.permission", "pk": 76, "fields": {"name": "Can view assignment", "content_type": 19, "codename": "view_assignment"}}, {"model": "auth.permission", "pk": 77, "fields": {"name": "Can add submission", "content_type": 20, "codename": "add_submission"}}, {"model": "auth.permission", "pk": 78, "fields": {"name": "Can change submission", "content_type": 20, "codename": "change_submission"}}, {"model": "auth.permission", "pk": 79, "fields": {"name": "Can delete submission", "content_type": 20, "codename": "delete_submission"}}, {"model": "auth.permission", "pk": 80, "fields": {"name": "Can view submission", "content_type": 20, "codename": "view_submission"}}, {"model": "auth.permission", "pk": 81, "fields": {"name": "Can add certificate", "content_type": 21, "codename": "add_certificate"}}, {"model": "auth.permission", "pk": 82, "fields": {"name": "Can change certificate", "content_type": 21, "codename": "change_certificate"}}, {"model": "auth.permission", "pk": 83, "fields": {"name": "Can delete certificate", "content_type": 21, "codename": "delete_certificate"}}, {"model": "auth.permission", "pk": 84, "fields": {"name": "Can view certificate", "content_type": 21, "codename": "view_certificate"}}, {"model": "auth.user", "pk": 1, "fields": {"password": "pbkdf2_sha256$600000$yobeNqlDBC54bgKYDrvr3y$aTuMNvod626lDtEgISvTsNWJ3deXOp6nS2g0dQl1mJ8=", "last_login": "2025-12-14T16:32:19.999Z", "is_superuser": true, "username": "admin", "first_name": "", "last_name": "", "email": "bigrussingboss@gmail.com", "is_staff": true, "is_active": true, "date_joined": "2025-12-14T12:15:03.262Z", "groups": [], "user_permissions": []}}, {"model": "auth.user", "pk": 2, "fields": {"password": "pbkdf2_sha256$600000$7VcwJqeuII2Vrib7tXss2x$seIWrEA49dGY/S7HypoJbcZ37nqblBhInLnjwupEUCg=", "last_login": "2025-12-23T18:14:37.387Z", "is_superuser": true, "username": "zxcgul", "first_name": "", "last_name": "", "email": "bigrussingboss@gmail.com", "is_staff": true, "is_active": true, "date_joined": "2025-12-23T17:54:26.446Z", "groups": [], "user_permissions": []}}, {"model": "contenttypes.contenttype", "pk": 1, "fields": {"app_label": "admin", "model": "logentry"}}, {"model": "contenttypes.contenttype", "pk": 2, "fields": {"app_label": "auth", "model": "permission"}}, {"model": "contenttypes.contenttype", "pk": 3, "fields": {"app_label": "auth", "model": "group"}}, {"model": "contenttypes.contenttype", "pk": 4, "fields": {"app_label": "auth", "model": "user"}}, {"model": "contenttypes.contenttype", "pk": 5, "fields": {"app_label": "contenttypes", "model": "contenttype"}}, {"model": "contenttypes.contenttype", "pk": 6, "fields": {"app_label": "sessions", "model": "session"}}, {"model": "contenttypes.contenttype", "pk": 7, "fields": {"app_label": "courses", "model": "course"}}, {"model": "contenttypes.contenttype", "pk": 8, "fields": {"app_label": "courses", "model": "lesson"}}, {"model": "contenttypes.contenttype", "pk": 9, "fields": {"app_label": "courses", "model": "enrollment"}}, {"model": "contenttypes.contenttype", "pk": 10, "fields": {"app_label": "courses", "model": "review"}}, {"model": "contenttypes.contenttype", "pk": 11, "fields": {"app_label": "courses", "model": "user"}}, {"model": "contenttypes.contenttype", "pk": 12, "fields": {"app_label": "courses", "model": "module"}}, {"model": "contenttypes.contenttype", "pk": 13, "fields": {"app_label": "courses", "model": "rating"}}, {"model": "contenttypes.contenttype", "pk": 14, "fields": {"app_label": "courses", "model": "category"}}, {"model": "contenttypes.contenttype", "pk": 15, "fields": {"app_label": "courses", "model": "role"}}, {"model": "contenttypes.contenttype", "pk": 16, "fields": {"app_label": "courses", "model": "userrole"}}, {"model": "contenttypes.contenttype", "pk": 17, "fields": {"app_label": "courses", "model": "payment"}}, {"model": "contenttypes.contenttype", "pk": 18, "fields": {"app_label": "courses", "model": "comment"}}, {"model": "contenttypes.contenttype", "pk": 19, "fields": {"app_label": "courses", "model": "assignment"}}, {"model": "contenttypes.contenttype", "pk": 20, "fields": {"app_label": "courses", "model": "submission"}}, {"model": "contenttypes.contenttype", "pk": 21, "fields": {"app_label": "courses", "model": "certificate"}}, {"model": "sessions.session", "pk": "1kf98gk5pfs2mq1vfbowxluzv0o1v37f", "fields": {"session_data": ".eJxVjDsOwjAQBe_iGllrB_8o6TmDtV6vcQA5UpxUiLuTSCmgfTPz3iLiutS4dp7jmMVFaHH63RLSk9sO8gPbfZI0tWUek9wVedAub1Pm1_Vw_w4q9rrVIetsvTODBeU5ATEkQ6S8UWCgBE4uOfQOC5tN1a4UBlJkz07jwEF8vuKVODQ:1vY6u5:R-j1EsP1_aCy01sYPLOQaPIZRh1h3Qgm0Y7zX-BhAFI", "expire_date": "2026-01-06T18:14:37.389Z"}}, {"model": "sessions.session", "pk": "ouc86eelz2zf2f6mfyp6xv8bvewqh9mn", "fields": {"session_data": ".eJxVjDsOwjAQBe_iGllrB_8o6TmDtV6vcQA5UpxUiLuTSCmgfTPz3iLiutS4dp7jmMVFaHH63RLSk9sO8gPbfZI0tWUek9wVedAub1Pm1_Vw_w4q9rrVIetsvTODBeU5ATEkQ6S8UWCgBE4uOfQOC5tN1a4UBlJkz07jwEF8vuKVODQ:1vY6ay:0Vdz9JxaZXLmzdYqd_-c_hPA2AVB2usWErCSFzy1zWY", "expire_date": "2026-01-06T17:54:52.985Z"}}, {"model": "sessions.session", "pk": "stiiqo1dbskv7rb8i4r8phqwlkxj48x9", "fields": {"session_data": ".eJxVjMsOwiAQRf-FtSEMb1y69xvIwIBUDU1KuzL-uzbpQrf3nHNfLOK2triNssSJ2JkBO_1uCfOj9B3QHftt5nnu6zIlviv8oINfZyrPy-H-HTQc7Vs7q4UTQSvpEzifwYPBYEHpGkChNNVVD1ZQ0tq4ashClUWRIIupZmTvD5zVNxM:1vUp1A:RfVrKBKdARNRGIWcTFxsgEs_6epD4kOq_Vx4v4e7oEI", "expire_date": "2025-12-28T16:32:20.003Z"}}, {"model": "courses.user", "pk": 1, "fields": {"email": "nikita@edu.ru", "password_hash": "hash1", "first_name": "Никита", "last_name": "Поляков", "phone": "+79001111111", "avatar_url": "https://a.com/nikita.jpg", "is_active": true, "created_at": "2025-12-14T12:29:23.653", "updated_at": "2025-12-14T12:29:23.653"}}, {"model": "courses.user", "pk": 2, "fields": {"email": "liza@edu.ru", "password_hash": "hash2", "first_name": "Лиза", "last_name": "Смирнова", "phone": "+79002222222", "avatar_url": "https://a.com/liza.jpg", "is_active": true, "created_at": "2025-12-14T12:29:23.653", "updated_at": "2025-12-14T12:29:23.653"}}, {"model": "courses.user", "pk": 3, "fields": {"email": "python_teacher@edu.ru", "password_hash": "hash3", "first_name": "Анна", "last_name": "Котова", "phone": "+79003333333", "avatar_url": "https://a.com/anna.jpg", "is_active": true, "created_at": "2025-12-14T12:29:23.653", "updated_at": "2025-12-14T12:29:23.653"}}, {"model": "courses.user", "pk": 4, "fields": {"email": "web_teacher@edu.ru", "password_hash": "hash4", "first_name": "Иван", "last_name": "Сергеев", "phone": "+79004444444", "avatar_url": "https://a.com/ivan.jpg", "is_active": true, "created_at": "2025-12-14T12:29:23.653", "updated_at": "2025-12-14T12:29:23.653"}}, {"model": "courses.user", "pk": 5, "fields": {"email": "student1@edu.ru", "password_hash": "hash5", "first_name": "Мария", "last_name": "Иванова", "phone": "+79005555555", "avatar_url": "https://a.com/mary.jpg", "is_active": true, "created_at": "2025-12-14T12:29:23.653", "updated_at": "2025-12-14T12:29:23.653"}}, {"model": "courses.user", "pk": 6, "fields": {"email": "student2@edu.ru", "password_hash": "hash6", "first_name": "Артём", "last_name": "Фёдоров", "phone": "+79006666666", "avatar_url": null, "is_active": true, "created_at": "2025-12-14T12:29:23.653", "updated_at": "2025-12-14T12:29:23.653"}}, {"model": "courses.user", "pk": 7, "fields": {"email": "student3@edu.ru", "password_hash": "hash7", "first_name": "Ольга", "last_name": "Петрова", "phone": "+79007777777", "avatar_url": "https://a.com/olga.jpg", "is_active": true, "created_at": "2025-12-14T12:29:23.653", "updated_at": "2025-12-14T12:29:23.653"}}, {"model": "courses.user", "pk": 8, "fields": {"email": "student4@edu.ru", "password_hash": "hash8", "first_name": "Дмитрий", "last_name": "Сидоров", "phone": "+79008888888", "avatar_url": null, "is_active": true, "created_at": "2025-12-14T12:29:23.653", "updated_at": "2025-12-14T12:29:23.653"}}, {"model": "courses.user", "pk": 10, "fields": {"email": "user@example.com", "password_hash": "pbkdf2_sha256$600000$DviklB8t3zZtJ2KpMUtQxx$dyjShvIxsYPx/ugEEz9ovNX/CtvoRyP5DmDqk0VnLCI=", "first_name": "Ivan", "last_name": "Kiselev", "phone": "+79504264367", "avatar_url": null, "is_active": true, "created_at": "2025-12-24T11:07:56.053", "updated_at": "2025-12-24T11:07:56.138"}}, {"model": "courses.user", "pk": 11, "fields": {"email": "anna@example.com", "password_hash": "pbkdf2_sha256$600000$TYjvZNaQD3MkXztBcuvnZj$K7/SsEcFEZrf25jvE7GQoDTZd/qy7CLDSeRoJrfnV3c=", "first_name": "string", "last_name": "string", "phone": "string", "avatar_url": null, "is_active": true, "created_at": "2025-12-24T11:17:49.075", "updated_at": "2025-12-24T11:17:49.163"}}, {"model": "courses.user", "pk": 12, "fields": {"email": "Petrov@example.com", "password_hash": "pbkdf2_sha256$600000$U5mEvo7wr7OpzpUNZ1uQ4k$/jgPM7W1Q3fdR9B9/ueDu8HJQ98rvl/spodRYC/Bfj0=", "first_name": "string", "last_name": "string", "phone": "string", "avatar_url": null, "is_active": false, "created_at": "2025-12-24T08:18:04.570", "updated_at": "2025-12-24T12:02:35.698"}}, {"model": "courses.user", "pk": 13, "fields": {"email": "dan@yandex.ru", "password_hash": "pbkdf2_sha256$600000$wzKYYHXpbhFwkKIRQ7Rl1t$hrG1bmw61eeN5FgWiTYMK4IcebZgdDEm1sVuoyb8oqQ=", "first_name": "Nikita", "last_name": "danil", "phone": "3424234", "avatar_url": null, "is_active": true, "created_at": "2025-12-24T06:04:06.298", "updated_at": "2025-12-24T12:22:29.219"}}, {"model": "courses.user", "pk": 14, "fields": {"email": "bimbim@example.com", "password_hash": "pbkdf2_sha256$600000$CQr9Eg6adNDmq6XOLYsflN$sYuvcwHcOXSvkbBIkBhdWEfSX+eFCBq3se289vKbdTw=", "first_name": "string", "last_name": "string", "phone": "string", "avatar_url": null, "is_active": true, "created_at": "2025-12-25T05:13:43.302", "updated_at": "2025-12-25T05:13:43.388"}}, {"model": "courses.user", "pk": 15, "fields": {"email": "ivan.ivanov@edu.ru", "password_hash": "hash15", "first_name": "Иван", "last_name": "Иванов", "phone": "+79001111555", "avatar_url": "https://miro.medium.com/v2/resize:fit:1400/format:webp/1*vN01lCXAlmGteKS0GF1-2A.jpeg", "is_active": true, "created_at": "2025-12-24T13:52:05.609", "updated_at": "2025-12-24T13:52:05.609"}}, {"model": "courses.user", "pk": 16, "fields": {"email": "maria.petrova@edu.ru", "password_hash": "hash16", "first_name": "Мария", "last_name": "Петрова", "phone": "+79002222666", "avatar_url": "https://cdn.coursehunter.net/courses/720x440/postigaem-osnovy-python.webp", "is_active": true, "created_at": "2025-12-24T13:52:05.609", "updated_at": "2025-12-24T13:52:05.609"}}, {"model": "courses.user", "pk": 17, "fields": {"email": "aleksey.smirnov@edu.ru", "password_hash": "hash17", "first_name": "Алексей", "last_name": "Смирнов", "phone": "+79003333777", "avatar_url": "https://beonmax.com/img//cover/react.jpg", "is_active": true, "created_at": "2025-12-24T13:52:05.609", "updated_at": "2025-12-24T13:52:05.609"}}, {"model": "courses.user", "pk": 18, "fields": {"email": "ekaterina.lebedeva@edu.ru", "password_hash": "hash18", "first_name": "Екатерина", "last_name": "Лебедева", "phone": "+79004444888", "avatar_url": null, "is_active": true, "created_at": "2025-12-24T13:52:05.609", "updated_at": "2025-12-24T13:52:05.609"}}, {"model": "courses.user", "pk": 19, "fields": {"email": "dmitry.kovalev@edu.ru", "password_hash": "hash19", "first_name": "Дмитрий", "last_name": "Ковалев", "phone": "+79005555999", "avatar_url": "https://cdn.coursehunter.net/courses/540x320/devops-ci-cd-nepreryvnaya-integraciya-dostavka-dlya-nachinayushchih.webp", "is_active": true, "created_at": "2025-12-24T13:52:05.609", "updated_at": "2025-12-24T13:52:05.609"}}, {"model": "courses.user", "pk": 20, "fields": {"email": "svetlana.orlova@edu.ru", "password_hash": "hash20", "first_name": "Светлана", "last_name": "Орлова", "phone": "+79006666111", "avatar_url": "https://via.placeholder.com/300x200.png?text=UI/UX", "is_active": true, "created_at": "2025-12-24T13:52:05.609", "updated_at": "2025-12-24T13:52:05.609"}}, {"model": "courses.user", "pk": 21, "fields": {"email": "oleg.novikov@edu.ru", "password_hash": "hash21", "first_name": "Олег", "last_name": "Новиков", "phone": "+79007777222", "avatar_url": "https://via.placeholder.com/300x200.png?text=Big+Data", "is_active": true, "created_at": "2025-12-24T13:52:05.609", "updated_at": "2025-12-24T13:52:05.609"}}, {"model": "courses.user", "pk": 22, "fields": {"email": "andrey.melnikov@edu.ru", "password_hash": "hash22", "first_name": "Андрей", "last_name": "Мельников", "phone": "+79008888333", "avatar_url": "https://via.placeholder.com/300x200.png?text=Cybersecurity", "is_active": true, "created_at": "2025-12-24T13:52:05.609", "updated_at": "2025-12-24T13:52:05.609"}}, {"model": "courses.user", "pk": 23, "fields": {"email": "natalya.sergeeva@edu.ru", "password_hash": "hash23", "first_name": "Наталья", "last_name": "Сергеева", "phone": "+79009999444", "avatar_url": "https://via.placeholder.com/300x200.png?text=Blockchain", "is_active": true, "created_at": "2025-12-24T13:52:05.609", "updated_at": "2025-12-24T13:52:05.609"}}, {"model": "courses.role", "pk": 1, "fields": {"name": "admin", "description": "Администратор"}}, {"model": "courses.role", "pk": 2, "fields": {"name": "instructor", "description": "Преподаватель"}}, {"model": "courses.role", "pk": 3, "fields": {"name": "student", "description": "Студент"}}, {"model": "courses.userrole", "pk": 1, "fields": {"role": 1}}, {"model": "courses.userrole", "pk": 2, "fields": {"role": 1}}, {"model": "courses.userrole", "pk": 3, "fields": {"role": 2}}, {"model": "courses.userrole", "pk": 4, "fields": {"role": 2}}, {"model": "courses.userrole", "pk": 5, "fields": {"role": 3}}, {"model": "courses.userrole", "pk": 6, "fields": {"role": 3}}, {"model": "courses.userrole", "pk": 7, "fields": {"role": 3}}, {"model": "courses.userrole", "pk": 8, "fields": {"role": 3}}, {"model": "courses.userrole", "pk": 10, "fields": {"role": 3}}, {"model": "courses.userrole", "pk": 11, "fields": {"role": 3}}, {"model": "courses.userrole", "pk": 12, "fields": {"role": 3}}, {"model": "courses.userrole", "pk": 13, "fields": {"role": 3}}, {"model": "courses.userrole", "pk": 14, "fields": {"role": 3}}, {"model": "courses.userrole", "pk": 15, "fields": {"role": 2}}, {"model": "courses.userrole", "pk": 16, "fields": {"role": 2}}, {"model": "courses.userrole", "pk": 17, "fields": {"role": 2}}, {"model": "courses.userrole", "pk": 18, "fields": {"role": 2}}, {"model": "courses.userrole", "pk": 19, "fields": {"role": 2}}, {"model": "courses.userrole", "pk": 20, "fields": {"role": 2}}, {"model": "courses.userrole", "pk": 21, "fields": {"role": 2}}, {"model": "courses.userrole", "pk": 22, "fields": {"role": 2}}, {"model": "courses.userrole", "pk": 23, "fields": {"role": 2}}, {"model": "courses.category", "pk": 1, "fields": {"name": "Программирование", "slug": "programming", "parent": null, "date_create": "2025-12-14T12:29:23.656"}}, {"model": "courses.category", "pk": 2, "fields": {"name": "DevOps", "slug": "devops", "parent": null, "date_create": "2025-12-24T13:56:59.145"}}, {"model": "courses.category", "pk": 3, "fields": {"name": "Data Science", "slug": "data-science", "parent": null, "date_create": "2025-12-24T13:56:59.145"}}, {"model": "courses.category", "pk": 4, "fields": {"name": "Frontend", "slug": "frontend", "parent": null, "date_create": "2025-12-24T13:56:59.145"}}, {"model": "courses.category", "pk": 5, "fields": {"name": "UI/UX", "slug": "ui-ux", "parent": null, "date_create": "2025-12-24T13:56:59.145"}}, {"model": "courses.category", "pk": 6, "fields": {"name": "Big Data", "slug": "big-data", "parent": null, "date_create": "2025-12-24T13:56:59.145"}}, {"model": "courses.category", "pk": 7, "fields": {"name": "Кибербезопасность", "slug": "cybersecurity", "parent": null, "date_create": "2025-12-24T13:56:59.145"}}, {"model": "courses.category", "pk": 8, "fields": {"name": "Blockchain", "slug": "blockchain", "parent": null, "date_create": "2025-12-24T13:56:59.145"}}, {"model": "courses.course", "pk": 5, "fields": {"title": "DevOps и CI/CD", "slug": "devops-cicd", "description": "Разработчиков и системных администраторов, желающих автоматизировать процессы разработки и развертывания. Базовые знания Linux, Git, Bash. Понимание разработки ПО. Научитесь настраивать CI/CD пайплайны, автоматизировать тестирование и деплой, работать с Docker, Kubernetes и облачными сервисами.", "short_desc": "Освойте процессы автоматизации и развёртывания приложений", "instructor": 19, "category": 1, "price": "499.99", "is_published": true, "is_deleted": false, "thumbnail_url": "https://cdn.coursehunter.net/courses/540x320/devops-ci-cd-nepreryvnaya-integraciya-dostavka-dlya-nachinayushchih.webp", "duration_hours": 45, "created_at": "2025-12-24T13:57:04.888", "updated_at": "2025-12-24T13:57:04.888"}}, {"model": "courses.course", "pk": 6, "fields": {"title": "UI/UX дизайн", "slug": "ui-ux-design", "description": "Начинающих дизайнеров и разработчиков, которые хотят улучшить интерфейсы своих приложений. Базовые навыки работы с графическими редакторами (Figma, Sketch, Adobe XD). Научитесь проектировать интерфейсы, работать с UX-паттернами, создавать прототипы и тестировать дизайн на пользователях.", "short_desc": "Создавайте удобные и привлекательные интерфейсы", "instructor": 20, "category": 2, "price": "399.99", "is_published": true, "is_deleted": false, "thumbnail_url": "https://via.placeholder.com/300x200.png?text=UI/UX", "duration_hours": 30, "created_at": "2025-12-24T13:57:04.888", "updated_at": "2025-12-24T13:57:04.888"}}, {"model": "courses.course", "pk": 7, "fields": {"title": "Big Data и аналитика", "slug": "big-data", "description": "Аналитиков, разработчиков и инженеров данных, которые хотят работать с большими объёмами информации. Python, SQL, базовая статистика. Научитесь работать с Hadoop, Spark, обрабатывать большие данные и строить аналитические модели для реальных бизнес-задач.", "short_desc": "Научитесь обрабатывать и анализировать большие данные", "instructor": 21, "category": 3, "price": "549.99", "is_published": true, "is_deleted": false, "thumbnail_url": "https://via.placeholder.com/300x200.png?text=Big+Data", "duration_hours": 50, "created_at": "2025-12-24T13:57:04.888", "updated_at": "2025-12-24T13:57:04.888"}}, {"model": "courses.course", "pk": 8, "fields": {"title": "Кибербезопасность", "slug": "cybersecurity", "description": "Специалистов по ИТ и разработчиков, которые хотят углубиться в безопасность приложений и сетей. Базовые знания сетей, операционных систем и программирования. Научитесь выявлять уязвимости, защищать приложения и сети, работать с инструментами тестирования безопасности и аудита.", "short_desc": "Освойте защиту систем и предотвращение атак", "instructor": 22, "category": 1, "price": "499.99", "is_published": true, "is_deleted": false, "thumbnail_url": "https://via.placeholder.com/300x200.png?text=Cybersecurity", "duration_hours": 40, "created_at": "2025-12-24T13:57:04.888", "updated_at": "2025-12-24T13:57:04.888"}}, {"model": "courses.course", "pk": 9, "fields": {"title": "Blockchain и смарт-контракты", "slug": "blockchain", "description": "Разработчиков и специалистов, интересующихся децентрализованными приложениями и криптовалютами. JavaScript, базовые знания криптографии. Научитесь разрабатывать смарт-контракты на Ethereum, создавать dApps и работать с блокчейн-сетями.", "short_desc": "Изучите технологии блокчейн и разработку смарт-контрактов", "instructor": 23, "category": 2, "price": "599.99", "is_published": true, "is_deleted": false, "thumbnail_url": "https://via.placeholder.com/300x200.png?text=Blockchain", "duration_hours": 45, "created_at": "2025-12-24T13:57:04.888", "updated_at": "2025-12-24T13:57:04.888"}}, {"model": "courses.course", "pk": 10, "fields": {"title": "Микросервисная архитектура (продвинутый)", "slug": "microservices-adv", "description": "Продвинутый курс по микросервисной архитектуре, контейнеризации и распределённым системам.", "short_desc": "Углубленное изучение микросервисов", "instructor": 15, "category": 1, "price": "599.99", "is_published": true, "is_deleted": false, "thumbnail_url": "https://miro.medium.com/v2/resize:fit:1400/format:webp/1*vN01lCXAlmGteKS0GF1-2A.jpeg", "duration_hours": 60, "created_at": "2025-12-24T13:57:04.888", "updated_at": "2025-12-24T13:57:04.888"}}, {"model": "courses.course", "pk": 11, "fields": {"title": "Python Data Science", "slug": "python-data-science", "description": "Углублённый курс по анализу данных и машинному обучению на Python.", "short_desc": "Аналитика и Data Science на Python", "instructor": 16, "category": 2, "price": "649.99", "is_published": true, "is_deleted": false, "thumbnail_url": "https://cdn.coursehunter.net/courses/720x440/postigaem-osnovy-python.webp", "duration_hours": 55, "created_at": "2025-12-24T13:57:04.888", "updated_at": "2025-12-24T13:57:04.888"}}, {"model": "courses.course", "pk": 12, "fields": {"title": "React и Advanced Frontend", "slug": "react-advanced", "description": "Продвинутый курс по React и современным фронтенд технологиям.", "short_desc": "Advanced React", "instructor": 17, "category": 3, "price": "549.99", "is_published": true, "is_deleted": false, "thumbnail_url": "https://beonmax.com/img//cover/react.jpg", "duration_hours": 50, "created_at": "2025-12-24T13:57:04.888", "updated_at": "2025-12-24T13:57:04.888"}}, {"model": "courses.course", "pk": 13, "fields": {"title": "Машинное обучение (продвинутый)", "slug": "ml-advanced", "description": "Продвинутый курс по машинному обучению, нейронным сетям и применению ML в реальных проектах.", "short_desc": "Advanced ML", "instructor": 18, "category": 4, "price": "699.99", "is_published": true, "is_deleted": false, "thumbnail_url": null, "duration_hours": 60, "created_at": "2025-12-24T13:57:04.888", "updated_at": "2025-12-24T13:57:04.888"}}, {"model": "courses.course", "pk": 14, "fields": {"title": "DevOps для продвинутых", "slug": "devops-advanced", "description": "Углубленный курс по DevOps, CI/CD и автоматизации процессов.", "short_desc": "Advanced DevOps", "instructor": 19, "category": 1, "price": "699.99", "is_published": true, "is_deleted": false, "thumbnail_url": "https://cdn.coursehunter.net/courses/540x320/devops-ci-cd-nepreryvnaya-integraciya-dostavka-dlya-nachinayushchih.webp", "duration_hours": 55, "created_at": "2025-12-24T10:57:04.888", "updated_at": "2025-12-24T14:03:01.718"}}]