--
-- PostgreSQL database dump
--

\restrict daOci35QLggtrQOtc283Qtn9G6P77Cg3ZOJe5wQHQ2F6KNGb1Xluh3AnbcESFWq

-- Dumped from database version 15.15 (Debian 15.15-1.pgdg13+1)
-- Dumped by pg_dump version 15.15 (Debian 15.15-1.pgdg13+1)

SET statement_timeout = 0;
SET lock_timeout = 0;
SET idle_in_transaction_session_timeout = 0;
SET client_encoding = 'UTF8';
SET standard_conforming_strings = on;
SELECT pg_catalog.set_config('search_path', '', false);
SET check_function_bodies = false;
SET xmloption = content;
SET client_min_messages = warning;
SET row_security = off;

--
-- Name: update_updated_at_column(); Type: FUNCTION; Schema: public; Owner: postgres
--

CREATE FUNCTION public.update_updated_at_column() RETURNS trigger
    LANGUAGE plpgsql
    AS $$
BEGIN
    NEW.updated_at = NOW();
    RETURN NEW;
END;
$$;


ALTER FUNCTION public.update_updated_at_column() OWNER TO postgres;

SET default_tablespace = '';

SET default_table_access_method = heap;

--
-- Name: assignments; Type: TABLE; Schema: public; Owner: postgres
--

CREATE TABLE public.assignments (
    id bigint NOT NULL,
    lesson_id bigint NOT NULL,
    title character varying(255) NOT NULL,
    description text,
    due_date timestamp without time zone,
    max_score integer NOT NULL,
    is_required boolean DEFAULT true,
    CONSTRAINT assignments_max_score_check CHECK ((max_score > 0))
);


ALTER TABLE public.assignments OWNER TO postgres;

--
-- Name: assignments_id_seq; Type: SEQUENCE; Schema: public; Owner: postgres
--

CREATE SEQUENCE public.assignments_id_seq
    START WITH 1
    INCREMENT BY 1
    NO MINVALUE
    NO MAXVALUE
    CACHE 1;


ALTER TABLE public.assignments_id_seq OWNER TO postgres;

--
-- Name: assignments_id_seq; Type: SEQUENCE OWNED BY; Schema: public; Owner: postgres
--

ALTER SEQUENCE public.assignments_id_seq OWNED BY public.assignments.id;


--
-- Name: auth_group; Type: TABLE; Schema: public; Owner: postgres
--

CREATE TABLE public.auth_group (
    id integer NOT NULL,
    name character varying(150) NOT NULL
);


ALTER TABLE public.auth_group OWNER TO postgres;

--
-- Name: auth_group_id_seq; Type: SEQUENCE; Schema: public; Owner: postgres
--

ALTER TABLE public.auth_group ALTER COLUMN id ADD GENERATED BY DEFAULT AS IDENTITY (
    SEQUENCE NAME public.auth_group_id_seq
    START WITH 1
    INCREMENT BY 1
    NO MINVALUE
    NO MAXVALUE
    CACHE 1
);


--
-- Name: auth_group_permissions; Type: TABLE; Schema: public; Owner: postgres
--

CREATE TABLE public.auth_group_permissions (
    id integer NOT NULL,
    group_id integer NOT NULL,
    permission_id integer NOT NULL
);


ALTER TABLE public.auth_group_permissions OWNER TO postgres;

--
-- Name: auth_group_permissions_id_seq; Type: SEQUENCE; Schema: public; Owner: postgres
--

ALTER TABLE public.auth_group_permissions ALTER COLUMN id ADD GENERATED BY DEFAULT AS IDENTITY (
    SEQUENCE NAME public.auth_group_permissions_id_seq
    START WITH 1
    INCREMENT BY 1
    NO MINVALUE
    NO MAXVALUE
    CACHE 1
);


--
-- Name: auth_permission; Type: TABLE; Schema: public; Owner: postgres
--

CREATE TABLE public.auth_permission (
    id integer NOT NULL,
    name character varying(255) NOT NULL,
    content_type_id integer NOT NULL,
    codename character varying(100) NOT NULL
);


ALTER TABLE public.auth_permission OWNER TO postgres;

--
-- Name: auth_permission_id_seq; Type: SEQUENCE; Schema: public; Owner: postgres
--

ALTER TABLE public.auth_permission ALTER COLUMN id ADD GENERATED BY DEFAULT AS IDENTITY (
    SEQUENCE NAME public.auth_permission_id_seq
    START WITH 1
    INCREMENT BY 1
    NO MINVALUE
    NO MAXVALUE
    CACHE 1
);


--
-- Name: auth_user; Type: TABLE; Schema: public; Owner: postgres
--

CREATE TABLE public.auth_user (
    id integer NOT NULL,
    password character varying(128) NOT NULL,
    last_login timestamp with time zone,
    is_superuser boolean NOT NULL,
    username character varying(150) NOT NULL,
    first_name character varying(150) NOT NULL,
    last_name character varying(150) NOT NULL,
    email character varying(254) NOT NULL,
    is_staff boolean NOT NULL,
    is_active boolean NOT NULL,
    date_joined timestamp with time zone NOT NULL
);


ALTER TABLE public.auth_user OWNER TO postgres;

--
-- Name: auth_user_groups; Type: TABLE; Schema: public; Owner: postgres
--

CREATE TABLE public.auth_user_groups (
    id integer NOT NULL,
    user_id integer NOT NULL,
    group_id integer NOT NULL
);


ALTER TABLE public.auth_user_groups OWNER TO postgres;

--
-- Name: auth_user_groups_id_seq; Type: SEQUENCE; Schema: public; Owner: postgres
--

ALTER TABLE public.auth_user_groups ALTER COLUMN id ADD GENERATED BY DEFAULT AS IDENTITY (
    SEQUENCE NAME public.auth_user_groups_id_seq
    START WITH 1
    INCREMENT BY 1
    NO MINVALUE
    NO MAXVALUE
    CACHE 1
);


--
-- Name: auth_user_id_seq; Type: SEQUENCE; Schema: public; Owner: postgres
--

ALTER TABLE public.auth_user ALTER COLUMN id ADD GENERATED BY DEFAULT AS IDENTITY (
    SEQUENCE NAME public.auth_user_id_seq
    START WITH 1
    INCREMENT BY 1
    NO MINVALUE
    NO MAXVALUE
    CACHE 1
);


--
-- Name: auth_user_user_permissions; Type: TABLE; Schema: public; Owner: postgres
--

CREATE TABLE public.auth_user_user_permissions (
    id integer NOT NULL,
    user_id integer NOT NULL,
    permission_id integer NOT NULL
);


ALTER TABLE public.auth_user_user_permissions OWNER TO postgres;

--
-- Name: auth_user_user_permissions_id_seq; Type: SEQUENCE; Schema: public; Owner: postgres
--

ALTER TABLE public.auth_user_user_permissions ALTER COLUMN id ADD GENERATED BY DEFAULT AS IDENTITY (
    SEQUENCE NAME public.auth_user_user_permissions_id_seq
    START WITH 1
    INCREMENT BY 1
    NO MINVALUE
    NO MAXVALUE
    CACHE 1
);


--
-- Name: categories; Type: TABLE; Schema: public; Owner: postgres
--

CREATE TABLE public.categories (
    id integer NOT NULL,
    name character varying(100) NOT NULL,
    slug character varying(100) NOT NULL,
    parent_id integer,
    date_create timestamp without time zone DEFAULT CURRENT_TIMESTAMP
);


ALTER TABLE public.categories OWNER TO postgres;

--
-- Name: categories_id_seq; Type: SEQUENCE; Schema: public; Owner: postgres
--

CREATE SEQUENCE public.categories_id_seq
    AS integer
    START WITH 1
    INCREMENT BY 1
    NO MINVALUE
    NO MAXVALUE
    CACHE 1;


ALTER TABLE public.categories_id_seq OWNER TO postgres;

--
-- Name: categories_id_seq; Type: SEQUENCE OWNED BY; Schema: public; Owner: postgres
--

ALTER SEQUENCE public.categories_id_seq OWNED BY public.categories.id;


--
-- Name: certificates; Type: TABLE; Schema: public; Owner: postgres
--

CREATE TABLE public.certificates (
    id bigint NOT NULL,
    user_id bigint NOT NULL,
    course_id bigint NOT NULL,
    issued_at timestamp without time zone DEFAULT CURRENT_TIMESTAMP,
    certificate_url character varying(500) NOT NULL,
    verification_code character varying(50) NOT NULL
);


ALTER TABLE public.certificates OWNER TO postgres;

--
-- Name: certificates_id_seq; Type: SEQUENCE; Schema: public; Owner: postgres
--

CREATE SEQUENCE public.certificates_id_seq
    START WITH 1
    INCREMENT BY 1
    NO MINVALUE
    NO MAXVALUE
    CACHE 1;


ALTER TABLE public.certificates_id_seq OWNER TO postgres;

--
-- Name: certificates_id_seq; Type: SEQUENCE OWNED BY; Schema: public; Owner: postgres
--

ALTER SEQUENCE public.certificates_id_seq OWNED BY public.certificates.id;


--
-- Name: comments; Type: TABLE; Schema: public; Owner: postgres
--

CREATE TABLE public.comments (
    id bigint NOT NULL,
    parent_id bigint,
    user_id bigint NOT NULL,
    course_id bigint NOT NULL,
    lesson_id bigint,
    content text NOT NULL,
    created_at timestamp without time zone DEFAULT CURRENT_TIMESTAMP,
    is_deleted boolean DEFAULT false,
    CONSTRAINT chk_comment_target CHECK ((((lesson_id IS NOT NULL) AND (course_id IS NOT NULL)) OR ((lesson_id IS NULL) AND (course_id IS NOT NULL))))
);


ALTER TABLE public.comments OWNER TO postgres;

--
-- Name: comments_id_seq; Type: SEQUENCE; Schema: public; Owner: postgres
--

CREATE SEQUENCE public.comments_id_seq
    START WITH 1
    INCREMENT BY 1
    NO MINVALUE
    NO MAXVALUE
    CACHE 1;


ALTER TABLE public.comments_id_seq OWNER TO postgres;

--
-- Name: comments_id_seq; Type: SEQUENCE OWNED BY; Schema: public; Owner: postgres
--

ALTER SEQUENCE public.comments_id_seq OWNED BY public.comments.id;


--
-- Name: courses; Type: TABLE; Schema: public; Owner: postgres
--

CREATE TABLE public.courses (
    id integer NOT NULL,
    title character varying(255) NOT NULL,
    slug character varying(255),
    description text NOT NULL,
    short_desc character varying(300),
    instructor_id bigint NOT NULL,
    category_id bigint NOT NULL,
    price numeric(10,2) NOT NULL,
    is_published boolean DEFAULT true,
    is_deleted boolean DEFAULT false,
    thumbnail_url character varying(500),
    duration_hours integer,
    created_at timestamp without time zone DEFAULT CURRENT_TIMESTAMP,
    updated_at timestamp without time zone DEFAULT CURRENT_TIMESTAMP
);


ALTER TABLE public.courses OWNER TO postgres;

--
-- Name: courses_id_seq; Type: SEQUENCE; Schema: public; Owner: postgres
--

CREATE SEQUENCE public.courses_id_seq
    AS integer
    START WITH 1
    INCREMENT BY 1
    NO MINVALUE
    NO MAXVALUE
    CACHE 1;


ALTER TABLE public.courses_id_seq OWNER TO postgres;

--
-- Name: courses_id_seq; Type: SEQUENCE OWNED BY; Schema: public; Owner: postgres
--

ALTER SEQUENCE public.courses_id_seq OWNED BY public.courses.id;


--
-- Name: courses_user_groups; Type: TABLE; Schema: public; Owner: postgres
--

CREATE TABLE public.courses_user_groups (
    id bigint NOT NULL,
    user_id bigint NOT NULL,
    group_id integer NOT NULL
);


ALTER TABLE public.courses_user_groups OWNER TO postgres;

--
-- Name: courses_user_groups_id_seq; Type: SEQUENCE; Schema: public; Owner: postgres
--

ALTER TABLE public.courses_user_groups ALTER COLUMN id ADD GENERATED BY DEFAULT AS IDENTITY (
    SEQUENCE NAME public.courses_user_groups_id_seq
    START WITH 1
    INCREMENT BY 1
    NO MINVALUE
    NO MAXVALUE
    CACHE 1
);


--
-- Name: courses_user_user_permissions; Type: TABLE; Schema: public; Owner: postgres
--

CREATE TABLE public.courses_user_user_permissions (
    id bigint NOT NULL,
    user_id bigint NOT NULL,
    permission_id integer NOT NULL
);


ALTER TABLE public.courses_user_user_permissions OWNER TO postgres;

--
-- Name: courses_user_user_permissions_id_seq; Type: SEQUENCE; Schema: public; Owner: postgres
--

ALTER TABLE public.courses_user_user_permissions ALTER COLUMN id ADD GENERATED BY DEFAULT AS IDENTITY (
    SEQUENCE NAME public.courses_user_user_permissions_id_seq
    START WITH 1
    INCREMENT BY 1
    NO MINVALUE
    NO MAXVALUE
    CACHE 1
);


--
-- Name: django_admin_log; Type: TABLE; Schema: public; Owner: postgres
--

CREATE TABLE public.django_admin_log (
    id integer NOT NULL,
    action_time timestamp with time zone NOT NULL,
    object_id text,
    object_repr character varying(200) NOT NULL,
    action_flag smallint NOT NULL,
    change_message text NOT NULL,
    content_type_id integer,
    user_id integer NOT NULL,
    CONSTRAINT django_admin_log_action_flag_check CHECK ((action_flag >= 0))
);


ALTER TABLE public.django_admin_log OWNER TO postgres;

--
-- Name: django_admin_log_id_seq; Type: SEQUENCE; Schema: public; Owner: postgres
--

ALTER TABLE public.django_admin_log ALTER COLUMN id ADD GENERATED BY DEFAULT AS IDENTITY (
    SEQUENCE NAME public.django_admin_log_id_seq
    START WITH 1
    INCREMENT BY 1
    NO MINVALUE
    NO MAXVALUE
    CACHE 1
);


--
-- Name: django_content_type; Type: TABLE; Schema: public; Owner: postgres
--

CREATE TABLE public.django_content_type (
    id integer NOT NULL,
    app_label character varying(100) NOT NULL,
    model character varying(100) NOT NULL
);


ALTER TABLE public.django_content_type OWNER TO postgres;

--
-- Name: django_content_type_id_seq; Type: SEQUENCE; Schema: public; Owner: postgres
--

ALTER TABLE public.django_content_type ALTER COLUMN id ADD GENERATED BY DEFAULT AS IDENTITY (
    SEQUENCE NAME public.django_content_type_id_seq
    START WITH 1
    INCREMENT BY 1
    NO MINVALUE
    NO MAXVALUE
    CACHE 1
);


--
-- Name: django_migrations; Type: TABLE; Schema: public; Owner: postgres
--

CREATE TABLE public.django_migrations (
    id integer NOT NULL,
    app character varying(255) NOT NULL,
    name character varying(255) NOT NULL,
    applied timestamp with time zone NOT NULL
);


ALTER TABLE public.django_migrations OWNER TO postgres;

--
-- Name: django_migrations_id_seq; Type: SEQUENCE; Schema: public; Owner: postgres
--

ALTER TABLE public.django_migrations ALTER COLUMN id ADD GENERATED BY DEFAULT AS IDENTITY (
    SEQUENCE NAME public.django_migrations_id_seq
    START WITH 1
    INCREMENT BY 1
    NO MINVALUE
    NO MAXVALUE
    CACHE 1
);


--
-- Name: django_session; Type: TABLE; Schema: public; Owner: postgres
--

CREATE TABLE public.django_session (
    session_key character varying(40) NOT NULL,
    session_data text NOT NULL,
    expire_date timestamp with time zone NOT NULL
);


ALTER TABLE public.django_session OWNER TO postgres;

--
-- Name: enrollments; Type: TABLE; Schema: public; Owner: postgres
--

CREATE TABLE public.enrollments (
    id bigint NOT NULL,
    user_id bigint NOT NULL,
    course_id bigint NOT NULL,
    payment_id bigint,
    enrolled_at timestamp without time zone DEFAULT CURRENT_TIMESTAMP,
    completed_at timestamp without time zone,
    progress_pct smallint DEFAULT 0,
    status character varying(20) DEFAULT 'active'::character varying,
    CONSTRAINT enrollments_progress_pct_check CHECK (((progress_pct >= 0) AND (progress_pct <= 100))),
    CONSTRAINT enrollments_status_check CHECK (((status)::text = ANY ((ARRAY['active'::character varying, 'completed'::character varying, 'dropped'::character varying])::text[])))
);


ALTER TABLE public.enrollments OWNER TO postgres;

--
-- Name: enrollments_id_seq; Type: SEQUENCE; Schema: public; Owner: postgres
--

CREATE SEQUENCE public.enrollments_id_seq
    START WITH 1
    INCREMENT BY 1
    NO MINVALUE
    NO MAXVALUE
    CACHE 1;


ALTER TABLE public.enrollments_id_seq OWNER TO postgres;

--
-- Name: enrollments_id_seq; Type: SEQUENCE OWNED BY; Schema: public; Owner: postgres
--

ALTER SEQUENCE public.enrollments_id_seq OWNED BY public.enrollments.id;


--
-- Name: lessons; Type: TABLE; Schema: public; Owner: postgres
--

CREATE TABLE public.lessons (
    id bigint NOT NULL,
    module_id bigint NOT NULL,
    title character varying(255) NOT NULL,
    content text,
    video_url character varying(500),
    is_deleted boolean DEFAULT false,
    order_num integer DEFAULT 0 NOT NULL,
    is_locked boolean DEFAULT false,
    duration_min integer,
    CONSTRAINT lessons_duration_min_check CHECK ((duration_min >= 0))
);


ALTER TABLE public.lessons OWNER TO postgres;

--
-- Name: lessons_id_seq; Type: SEQUENCE; Schema: public; Owner: postgres
--

CREATE SEQUENCE public.lessons_id_seq
    START WITH 1
    INCREMENT BY 1
    NO MINVALUE
    NO MAXVALUE
    CACHE 1;


ALTER TABLE public.lessons_id_seq OWNER TO postgres;

--
-- Name: lessons_id_seq; Type: SEQUENCE OWNED BY; Schema: public; Owner: postgres
--

ALTER SEQUENCE public.lessons_id_seq OWNED BY public.lessons.id;


--
-- Name: modules; Type: TABLE; Schema: public; Owner: postgres
--

CREATE TABLE public.modules (
    id bigint NOT NULL,
    course_id bigint NOT NULL,
    title character varying(255) NOT NULL,
    description text,
    is_deleted boolean DEFAULT false,
    order_num integer DEFAULT 0 NOT NULL
);


ALTER TABLE public.modules OWNER TO postgres;

--
-- Name: modules_id_seq; Type: SEQUENCE; Schema: public; Owner: postgres
--

CREATE SEQUENCE public.modules_id_seq
    START WITH 1
    INCREMENT BY 1
    NO MINVALUE
    NO MAXVALUE
    CACHE 1;


ALTER TABLE public.modules_id_seq OWNER TO postgres;

--
-- Name: modules_id_seq; Type: SEQUENCE OWNED BY; Schema: public; Owner: postgres
--

ALTER SEQUENCE public.modules_id_seq OWNED BY public.modules.id;


--
-- Name: payments; Type: TABLE; Schema: public; Owner: postgres
--

CREATE TABLE public.payments (
    id bigint NOT NULL,
    user_id bigint NOT NULL,
    course_id bigint NOT NULL,
    amount numeric(10,2) NOT NULL,
    currency character(3) DEFAULT 'RUB'::bpchar NOT NULL,
    payment_method character varying(50) NOT NULL,
    status character varying(20) DEFAULT 'completed'::character varying NOT NULL,
    transaction_id character varying(255),
    paid_at timestamp without time zone,
    CONSTRAINT payments_amount_check CHECK ((amount > (0)::numeric)),
    CONSTRAINT payments_currency_check CHECK ((currency = ANY (ARRAY['RUB'::bpchar, 'USD'::bpchar, 'EUR'::bpchar]))),
    CONSTRAINT payments_status_check CHECK (((status)::text = ANY ((ARRAY['pending'::character varying, 'completed'::character varying, 'failed'::character varying, 'refunded'::character varying])::text[])))
);


ALTER TABLE public.payments OWNER TO postgres;

--
-- Name: payments_id_seq; Type: SEQUENCE; Schema: public; Owner: postgres
--

CREATE SEQUENCE public.payments_id_seq
    START WITH 1
    INCREMENT BY 1
    NO MINVALUE
    NO MAXVALUE
    CACHE 1;


ALTER TABLE public.payments_id_seq OWNER TO postgres;

--
-- Name: payments_id_seq; Type: SEQUENCE OWNED BY; Schema: public; Owner: postgres
--

ALTER SEQUENCE public.payments_id_seq OWNED BY public.payments.id;


--
-- Name: ratings; Type: TABLE; Schema: public; Owner: postgres
--

CREATE TABLE public.ratings (
    id bigint NOT NULL,
    user_id bigint NOT NULL,
    course_id bigint NOT NULL,
    rating smallint NOT NULL,
    comment text,
    created_at timestamp without time zone DEFAULT CURRENT_TIMESTAMP,
    CONSTRAINT ratings_rating_check CHECK (((rating >= 1) AND (rating <= 5)))
);


ALTER TABLE public.ratings OWNER TO postgres;

--
-- Name: ratings_id_seq; Type: SEQUENCE; Schema: public; Owner: postgres
--

CREATE SEQUENCE public.ratings_id_seq
    START WITH 1
    INCREMENT BY 1
    NO MINVALUE
    NO MAXVALUE
    CACHE 1;


ALTER TABLE public.ratings_id_seq OWNER TO postgres;

--
-- Name: ratings_id_seq; Type: SEQUENCE OWNED BY; Schema: public; Owner: postgres
--

ALTER SEQUENCE public.ratings_id_seq OWNED BY public.ratings.id;


--
-- Name: roles; Type: TABLE; Schema: public; Owner: postgres
--

CREATE TABLE public.roles (
    id smallint NOT NULL,
    name character varying(50) NOT NULL,
    description text
);


ALTER TABLE public.roles OWNER TO postgres;

--
-- Name: submissions; Type: TABLE; Schema: public; Owner: postgres
--

CREATE TABLE public.submissions (
    id bigint NOT NULL,
    assignment_id bigint NOT NULL,
    user_id bigint NOT NULL,
    submitted_at timestamp without time zone DEFAULT CURRENT_TIMESTAMP,
    content text,
    file_url character varying(500),
    score integer,
    feedback text,
    is_graded boolean DEFAULT false,
    CONSTRAINT submissions_score_check CHECK ((score >= 0))
);


ALTER TABLE public.submissions OWNER TO postgres;

--
-- Name: submissions_id_seq; Type: SEQUENCE; Schema: public; Owner: postgres
--

CREATE SEQUENCE public.submissions_id_seq
    START WITH 1
    INCREMENT BY 1
    NO MINVALUE
    NO MAXVALUE
    CACHE 1;


ALTER TABLE public.submissions_id_seq OWNER TO postgres;

--
-- Name: submissions_id_seq; Type: SEQUENCE OWNED BY; Schema: public; Owner: postgres
--

ALTER SEQUENCE public.submissions_id_seq OWNED BY public.submissions.id;


--
-- Name: users; Type: TABLE; Schema: public; Owner: postgres
--

CREATE TABLE public.users (
    id bigint NOT NULL,
    email character varying(255) NOT NULL,
    first_name character varying(255) NOT NULL,
    last_name character varying(255) NOT NULL,
    phone character varying(20) NOT NULL,
    avatar_url character varying(500),
    is_active boolean DEFAULT true,
    created_at timestamp without time zone DEFAULT CURRENT_TIMESTAMP,
    updated_at timestamp without time zone DEFAULT CURRENT_TIMESTAMP,
    is_staff boolean NOT NULL,
    is_superuser boolean NOT NULL,
    last_login timestamp with time zone,
    password character varying(128) NOT NULL
);


ALTER TABLE public.users OWNER TO postgres;

--
-- Name: users_courses; Type: TABLE; Schema: public; Owner: postgres
--

CREATE TABLE public.users_courses (
    user_id bigint NOT NULL,
    course_id bigint NOT NULL,
    progress_pct smallint DEFAULT 0,
    status character varying(20) DEFAULT 'active'::character varying,
    created_at timestamp without time zone DEFAULT CURRENT_TIMESTAMP,
    id bigint NOT NULL
);


ALTER TABLE public.users_courses OWNER TO postgres;

--
-- Name: users_courses_id_seq; Type: SEQUENCE; Schema: public; Owner: postgres
--

CREATE SEQUENCE public.users_courses_id_seq
    START WITH 1
    INCREMENT BY 1
    NO MINVALUE
    NO MAXVALUE
    CACHE 1;


ALTER TABLE public.users_courses_id_seq OWNER TO postgres;

--
-- Name: users_courses_id_seq; Type: SEQUENCE OWNED BY; Schema: public; Owner: postgres
--

ALTER SEQUENCE public.users_courses_id_seq OWNED BY public.users_courses.id;


--
-- Name: users_groups; Type: TABLE; Schema: public; Owner: postgres
--

CREATE TABLE public.users_groups (
    id bigint NOT NULL,
    user_id bigint NOT NULL,
    group_id integer NOT NULL
);


ALTER TABLE public.users_groups OWNER TO postgres;

--
-- Name: users_groups_id_seq; Type: SEQUENCE; Schema: public; Owner: postgres
--

ALTER TABLE public.users_groups ALTER COLUMN id ADD GENERATED BY DEFAULT AS IDENTITY (
    SEQUENCE NAME public.users_groups_id_seq
    START WITH 1
    INCREMENT BY 1
    NO MINVALUE
    NO MAXVALUE
    CACHE 1
);


--
-- Name: users_id_seq; Type: SEQUENCE; Schema: public; Owner: postgres
--

CREATE SEQUENCE public.users_id_seq
    START WITH 1
    INCREMENT BY 1
    NO MINVALUE
    NO MAXVALUE
    CACHE 1;


ALTER TABLE public.users_id_seq OWNER TO postgres;

--
-- Name: users_id_seq; Type: SEQUENCE OWNED BY; Schema: public; Owner: postgres
--

ALTER SEQUENCE public.users_id_seq OWNED BY public.users.id;


--
-- Name: users_roles; Type: TABLE; Schema: public; Owner: postgres
--

CREATE TABLE public.users_roles (
    user_id bigint NOT NULL,
    role_id smallint NOT NULL
);


ALTER TABLE public.users_roles OWNER TO postgres;

--
-- Name: users_user_permissions; Type: TABLE; Schema: public; Owner: postgres
--

CREATE TABLE public.users_user_permissions (
    id bigint NOT NULL,
    user_id bigint NOT NULL,
    permission_id integer NOT NULL
);


ALTER TABLE public.users_user_permissions OWNER TO postgres;

--
-- Name: users_user_permissions_id_seq; Type: SEQUENCE; Schema: public; Owner: postgres
--

ALTER TABLE public.users_user_permissions ALTER COLUMN id ADD GENERATED BY DEFAULT AS IDENTITY (
    SEQUENCE NAME public.users_user_permissions_id_seq
    START WITH 1
    INCREMENT BY 1
    NO MINVALUE
    NO MAXVALUE
    CACHE 1
);


--
-- Name: assignments id; Type: DEFAULT; Schema: public; Owner: postgres
--

ALTER TABLE ONLY public.assignments ALTER COLUMN id SET DEFAULT nextval('public.assignments_id_seq'::regclass);


--
-- Name: categories id; Type: DEFAULT; Schema: public; Owner: postgres
--

ALTER TABLE ONLY public.categories ALTER COLUMN id SET DEFAULT nextval('public.categories_id_seq'::regclass);


--
-- Name: certificates id; Type: DEFAULT; Schema: public; Owner: postgres
--

ALTER TABLE ONLY public.certificates ALTER COLUMN id SET DEFAULT nextval('public.certificates_id_seq'::regclass);


--
-- Name: comments id; Type: DEFAULT; Schema: public; Owner: postgres
--

ALTER TABLE ONLY public.comments ALTER COLUMN id SET DEFAULT nextval('public.comments_id_seq'::regclass);


--
-- Name: courses id; Type: DEFAULT; Schema: public; Owner: postgres
--

ALTER TABLE ONLY public.courses ALTER COLUMN id SET DEFAULT nextval('public.courses_id_seq'::regclass);


--
-- Name: enrollments id; Type: DEFAULT; Schema: public; Owner: postgres
--

ALTER TABLE ONLY public.enrollments ALTER COLUMN id SET DEFAULT nextval('public.enrollments_id_seq'::regclass);


--
-- Name: lessons id; Type: DEFAULT; Schema: public; Owner: postgres
--

ALTER TABLE ONLY public.lessons ALTER COLUMN id SET DEFAULT nextval('public.lessons_id_seq'::regclass);


--
-- Name: modules id; Type: DEFAULT; Schema: public; Owner: postgres
--

ALTER TABLE ONLY public.modules ALTER COLUMN id SET DEFAULT nextval('public.modules_id_seq'::regclass);


--
-- Name: payments id; Type: DEFAULT; Schema: public; Owner: postgres
--

ALTER TABLE ONLY public.payments ALTER COLUMN id SET DEFAULT nextval('public.payments_id_seq'::regclass);


--
-- Name: ratings id; Type: DEFAULT; Schema: public; Owner: postgres
--

ALTER TABLE ONLY public.ratings ALTER COLUMN id SET DEFAULT nextval('public.ratings_id_seq'::regclass);


--
-- Name: submissions id; Type: DEFAULT; Schema: public; Owner: postgres
--

ALTER TABLE ONLY public.submissions ALTER COLUMN id SET DEFAULT nextval('public.submissions_id_seq'::regclass);


--
-- Name: users id; Type: DEFAULT; Schema: public; Owner: postgres
--

ALTER TABLE ONLY public.users ALTER COLUMN id SET DEFAULT nextval('public.users_id_seq'::regclass);


--
-- Name: users_courses id; Type: DEFAULT; Schema: public; Owner: postgres
--

ALTER TABLE ONLY public.users_courses ALTER COLUMN id SET DEFAULT nextval('public.users_courses_id_seq'::regclass);


--
-- Data for Name: assignments; Type: TABLE DATA; Schema: public; Owner: postgres
--

COPY public.assignments (id, lesson_id, title, description, due_date, max_score, is_required) FROM stdin;
\.


--
-- Data for Name: auth_group; Type: TABLE DATA; Schema: public; Owner: postgres
--

COPY public.auth_group (id, name) FROM stdin;
\.


--
-- Data for Name: auth_group_permissions; Type: TABLE DATA; Schema: public; Owner: postgres
--

COPY public.auth_group_permissions (id, group_id, permission_id) FROM stdin;
\.


--
-- Data for Name: auth_permission; Type: TABLE DATA; Schema: public; Owner: postgres
--

COPY public.auth_permission (id, name, content_type_id, codename) FROM stdin;
85	Can add user course	22	add_usercourse
86	Can change user course	22	change_usercourse
87	Can delete user course	22	delete_usercourse
88	Can view user course	22	view_usercourse
1	Can add log entry	1	add_logentry
2	Can change log entry	1	change_logentry
3	Can delete log entry	1	delete_logentry
4	Can view log entry	1	view_logentry
5	Can add permission	2	add_permission
6	Can change permission	2	change_permission
7	Can delete permission	2	delete_permission
8	Can view permission	2	view_permission
9	Can add group	3	add_group
10	Can change group	3	change_group
11	Can delete group	3	delete_group
12	Can view group	3	view_group
13	Can add user	4	add_user
14	Can change user	4	change_user
15	Can delete user	4	delete_user
16	Can view user	4	view_user
17	Can add content type	5	add_contenttype
18	Can change content type	5	change_contenttype
19	Can delete content type	5	delete_contenttype
20	Can view content type	5	view_contenttype
21	Can add session	6	add_session
22	Can change session	6	change_session
23	Can delete session	6	delete_session
24	Can view session	6	view_session
25	Can add enrollment	9	add_enrollment
26	Can change enrollment	9	change_enrollment
27	Can delete enrollment	9	delete_enrollment
28	Can view enrollment	9	view_enrollment
29	Can add review	10	add_review
30	Can change review	10	change_review
31	Can delete review	10	delete_review
32	Can view review	10	view_review
33	Can add lesson	8	add_lesson
34	Can change lesson	8	change_lesson
35	Can delete lesson	8	delete_lesson
36	Can view lesson	8	view_lesson
37	Can add user	11	add_user
38	Can change user	11	change_user
39	Can delete user	11	delete_user
40	Can view user	11	view_user
41	Can add course	7	add_course
42	Can change course	7	change_course
43	Can delete course	7	delete_course
44	Can view course	7	view_course
45	Can add module	12	add_module
46	Can change module	12	change_module
47	Can delete module	12	delete_module
48	Can view module	12	view_module
49	Can add rating	13	add_rating
50	Can change rating	13	change_rating
51	Can delete rating	13	delete_rating
52	Can view rating	13	view_rating
53	Can add category	14	add_category
54	Can change category	14	change_category
55	Can delete category	14	delete_category
56	Can view category	14	view_category
57	Can add role	15	add_role
58	Can change role	15	change_role
59	Can delete role	15	delete_role
60	Can view role	15	view_role
61	Can add user role	16	add_userrole
62	Can change user role	16	change_userrole
63	Can delete user role	16	delete_userrole
64	Can view user role	16	view_userrole
65	Can add payment	17	add_payment
66	Can change payment	17	change_payment
67	Can delete payment	17	delete_payment
68	Can view payment	17	view_payment
69	Can add comment	18	add_comment
70	Can change comment	18	change_comment
71	Can delete comment	18	delete_comment
72	Can view comment	18	view_comment
73	Can add assignment	19	add_assignment
74	Can change assignment	19	change_assignment
75	Can delete assignment	19	delete_assignment
76	Can view assignment	19	view_assignment
77	Can add submission	20	add_submission
78	Can change submission	20	change_submission
79	Can delete submission	20	delete_submission
80	Can view submission	20	view_submission
81	Can add certificate	21	add_certificate
82	Can change certificate	21	change_certificate
83	Can delete certificate	21	delete_certificate
84	Can view certificate	21	view_certificate
\.


--
-- Data for Name: auth_user; Type: TABLE DATA; Schema: public; Owner: postgres
--

COPY public.auth_user (id, password, last_login, is_superuser, username, first_name, last_name, email, is_staff, is_active, date_joined) FROM stdin;
1	pbkdf2_sha256$600000$yobeNqlDBC54bgKYDrvr3y$aTuMNvod626lDtEgISvTsNWJ3deXOp6nS2g0dQl1mJ8=	2025-12-14 16:32:19.999+00	t	admin			bigrussingboss@gmail.com	t	t	2025-12-14 12:15:03.262+00
2	pbkdf2_sha256$600000$7VcwJqeuII2Vrib7tXss2x$seIWrEA49dGY/S7HypoJbcZ37nqblBhInLnjwupEUCg=	2026-01-05 07:54:53.672283+00	t	zxcgul			bigrussingboss@gmail.com	t	t	2025-12-23 17:54:26.446+00
3	pbkdf2_sha256$600000$gEO5sKusKT6OwBJpvdxpVh$81FzfqRAvbH7cGmP84pLzzccif2CS/EXya3IV2Bj/LU=	\N	f	Student	Никита	Поляков	bigrussingboss@gmail.com	f	t	2026-01-05 09:28:01+00
\.


--
-- Data for Name: auth_user_groups; Type: TABLE DATA; Schema: public; Owner: postgres
--

COPY public.auth_user_groups (id, user_id, group_id) FROM stdin;
\.


--
-- Data for Name: auth_user_user_permissions; Type: TABLE DATA; Schema: public; Owner: postgres
--

COPY public.auth_user_user_permissions (id, user_id, permission_id) FROM stdin;
\.


--
-- Data for Name: categories; Type: TABLE DATA; Schema: public; Owner: postgres
--

COPY public.categories (id, name, slug, parent_id, date_create) FROM stdin;
1	Программирование	programming	\N	2025-12-14 09:29:23.656
2	DevOps	devops	\N	2025-12-24 10:56:59.145
3	Data Science	data-science	\N	2025-12-24 10:56:59.145
4	Frontend	frontend	\N	2025-12-24 10:56:59.145
5	UI/UX	ui-ux	\N	2025-12-24 10:56:59.145
6	Big Data	big-data	\N	2025-12-24 10:56:59.145
7	Кибербезопасность	cybersecurity	\N	2025-12-24 10:56:59.145
8	Blockchain	blockchain	\N	2025-12-24 10:56:59.145
\.


--
-- Data for Name: certificates; Type: TABLE DATA; Schema: public; Owner: postgres
--

COPY public.certificates (id, user_id, course_id, issued_at, certificate_url, verification_code) FROM stdin;
\.


--
-- Data for Name: comments; Type: TABLE DATA; Schema: public; Owner: postgres
--

COPY public.comments (id, parent_id, user_id, course_id, lesson_id, content, created_at, is_deleted) FROM stdin;
\.


--
-- Data for Name: courses; Type: TABLE DATA; Schema: public; Owner: postgres
--

COPY public.courses (id, title, slug, description, short_desc, instructor_id, category_id, price, is_published, is_deleted, thumbnail_url, duration_hours, created_at, updated_at) FROM stdin;
10	Микросервисная архитектура (продвинутый)	microservices-adv	Продвинутый курс по микросервисной архитектуре, контейнеризации и распределённым системам.	Углубленное изучение микросервисов	15	1	599.99	t	f	https://miro.medium.com/v2/resize:fit:1400/format:webp/1*vN01lCXAlmGteKS0GF1-2A.jpeg	60	2025-12-24 10:57:04.888	2025-12-24 10:57:04.888
11	Python Data Science	python-data-science	Углублённый курс по анализу данных и машинному обучению на Python.	Аналитика и Data Science на Python	16	2	649.99	t	f	https://cdn.coursehunter.net/courses/720x440/postigaem-osnovy-python.webp	55	2025-12-24 10:57:04.888	2025-12-24 10:57:04.888
12	React и Advanced Frontend	react-advanced	Продвинутый курс по React и современным фронтенд технологиям.	Advanced React	17	3	549.99	t	f	https://beonmax.com/img//cover/react.jpg	50	2025-12-24 10:57:04.888	2025-12-24 10:57:04.888
13	Машинное обучение (продвинутый)	ml-advanced	Продвинутый курс по машинному обучению, нейронным сетям и применению ML в реальных проектах.	Advanced ML	18	4	699.99	t	f	\N	60	2025-12-24 10:57:04.888	2025-12-24 10:57:04.888
14	DevOps для продвинутых	devops-advanced	Углубленный курс по DevOps, CI/CD и автоматизации процессов.	Advanced DevOps	19	1	699.99	t	f	https://cdn.coursehunter.net/courses/540x320/devops-ci-cd-nepreryvnaya-integraciya-dostavka-dlya-nachinayushchih.webp	55	2025-12-24 07:57:04.888	2025-12-24 11:03:01.718
5	DevOps и CI/CD	devops-cicd	Разработчиков и системных администраторов, желающих автоматизировать процессы разработки и развертывания. Базовые знания Linux, Git, Bash. Понимание разработки ПО. Научитесь настраивать CI/CD пайплайны, автоматизировать тестирование и деплой, работать с Docker, Kubernetes и облачными сервисами.	Освойте процессы автоматизации и развёртывания приложений	19	1	499.99	t	f	https://cdn.coursehunter.net/courses/540x320/devops-ci-cd-nepreryvnaya-integraciya-dostavka-dlya-nachinayushchih.webp	45	2025-12-24 07:57:04.888	2025-12-26 12:15:33.633807
6	UI/UX дизайн	ui-ux-design	Начинающих дизайнеров и разработчиков, которые хотят улучшить интерфейсы своих приложений. Базовые навыки работы с графическими редакторами (Figma, Sketch, Adobe XD). Научитесь проектировать интерфейсы, работать с UX-паттернами, создавать прототипы и тестировать дизайн на пользователях.	Создавайте удобные и привлекательные интерфейсы	20	2	399.99	t	f	https://via.placeholder.com/300x200.png?text=UI/UX	30	2025-12-24 10:57:04.888	2025-12-24 10:57:04.888
7	Big Data и аналитика	big-data	Аналитиков, разработчиков и инженеров данных, которые хотят работать с большими объёмами информации. Python, SQL, базовая статистика. Научитесь работать с Hadoop, Spark, обрабатывать большие данные и строить аналитические модели для реальных бизнес-задач.	Научитесь обрабатывать и анализировать большие данные	21	3	549.99	t	f	https://via.placeholder.com/300x200.png?text=Big+Data	50	2025-12-24 10:57:04.888	2025-12-24 10:57:04.888
8	Кибербезопасность	cybersecurity	Специалистов по ИТ и разработчиков, которые хотят углубиться в безопасность приложений и сетей. Базовые знания сетей, операционных систем и программирования. Научитесь выявлять уязвимости, защищать приложения и сети, работать с инструментами тестирования безопасности и аудита.	Освойте защиту систем и предотвращение атак	22	1	499.99	t	f	https://via.placeholder.com/300x200.png?text=Cybersecurity	40	2025-12-24 10:57:04.888	2025-12-24 10:57:04.888
9	Blockchain и смарт-контракты	blockchain	Разработчиков и специалистов, интересующихся децентрализованными приложениями и криптовалютами. JavaScript, базовые знания криптографии. Научитесь разрабатывать смарт-контракты на Ethereum, создавать dApps и работать с блокчейн-сетями.	Изучите технологии блокчейн и разработку смарт-контрактов	23	2	599.99	t	f	https://via.placeholder.com/300x200.png?text=Blockchain	45	2025-12-24 10:57:04.888	2025-12-24 10:57:04.888
\.


--
-- Data for Name: courses_user_groups; Type: TABLE DATA; Schema: public; Owner: postgres
--

COPY public.courses_user_groups (id, user_id, group_id) FROM stdin;
\.


--
-- Data for Name: courses_user_user_permissions; Type: TABLE DATA; Schema: public; Owner: postgres
--

COPY public.courses_user_user_permissions (id, user_id, permission_id) FROM stdin;
\.


--
-- Data for Name: django_admin_log; Type: TABLE DATA; Schema: public; Owner: postgres
--

COPY public.django_admin_log (id, action_time, object_id, object_repr, action_flag, change_message, content_type_id, user_id) FROM stdin;
1	2025-12-24 12:02:35.721+00	12	User object (12)	2	[{"changed": {"fields": ["Is active"]}}]	11	2
2	2025-12-24 12:04:45.653+00	13	User object (13)	2	[{"changed": {"fields": ["Is active"]}}]	11	2
3	2025-12-24 12:22:29.227+00	13	User object (13)	2	[{"changed": {"fields": ["Is active"]}}]	11	2
4	2025-12-24 14:03:01.725+00	14	Course object (14)	2	[]	7	2
5	2025-12-24 15:04:54.213+00	1	Course object (1)	3		7	2
6	2025-12-24 15:05:02.685+00	2	Course object (2)	3		7	2
7	2025-12-24 15:05:09.553+00	3	Course object (3)	3		7	2
8	2025-12-24 15:05:15.762+00	4	Course object (4)	3		7	2
9	2025-12-26 12:15:33.657231+00	5	Course object (5)	2	[]	7	2
10	2026-01-04 14:56:05.425907+00	24	UserRole object (24)	2	[{"changed": {"fields": ["Role"]}}]	16	2
11	2026-01-05 09:28:01.216353+00	3	Student	1	[{"added": {}}]	4	2
12	2026-01-05 09:28:35.615668+00	3	Student	2	[{"changed": {"fields": ["First name", "Last name", "Email address"]}}]	4	2
\.


--
-- Data for Name: django_content_type; Type: TABLE DATA; Schema: public; Owner: postgres
--

COPY public.django_content_type (id, app_label, model) FROM stdin;
1	admin	logentry
2	auth	permission
3	auth	group
4	auth	user
5	contenttypes	contenttype
6	sessions	session
7	courses	course
8	courses	lesson
9	courses	enrollment
10	courses	review
11	courses	user
12	courses	module
13	courses	rating
14	courses	category
15	courses	role
16	courses	userrole
17	courses	payment
18	courses	comment
19	courses	assignment
20	courses	submission
21	courses	certificate
22	courses	usercourse
\.


--
-- Data for Name: django_migrations; Type: TABLE DATA; Schema: public; Owner: postgres
--

COPY public.django_migrations (id, app, name, applied) FROM stdin;
1	contenttypes	0001_initial	2025-12-14 12:12:19.484152+00
2	auth	0001_initial	2025-12-14 12:12:19.580324+00
6	contenttypes	0002_remove_content_type_name	2025-12-14 12:12:19.619376+00
7	auth	0002_alter_permission_name_max_length	2025-12-14 12:12:19.624385+00
8	auth	0003_alter_user_email_max_length	2025-12-14 12:12:19.630012+00
9	auth	0004_alter_user_username_opts	2025-12-14 12:12:19.634882+00
10	auth	0005_alter_user_last_login_null	2025-12-14 12:12:19.6395+00
11	auth	0006_require_contenttypes_0002	2025-12-14 12:12:19.641227+00
12	auth	0007_alter_validators_add_error_messages	2025-12-14 12:12:19.646889+00
13	auth	0008_alter_user_username_max_length	2025-12-14 12:12:19.657154+00
14	auth	0009_alter_user_last_name_max_length	2025-12-14 12:12:19.664753+00
15	auth	0010_alter_group_name_max_length	2025-12-14 12:12:19.670525+00
16	auth	0011_update_proxy_permissions	2025-12-14 12:12:19.675129+00
17	auth	0012_alter_user_first_name_max_length	2025-12-14 12:12:19.681343+00
18	sessions	0001_initial	2025-12-14 12:12:19.697993+00
20	admin	0001_initial	2025-12-23 14:58:15.409945+00
21	admin	0002_logentry_remove_auto_add	2025-12-23 14:58:20.347921+00
22	admin	0003_logentry_add_action_flag_choices	2025-12-23 14:58:20.35835+00
25	courses	0001_initial	2025-12-23 17:57:56.175461+00
26	courses	0002_auto_20251223_2102	2025-12-23 18:03:00.239412+00
27	courses	0003_alter_course_options_alter_module_course_and_more	2026-01-05 06:29:21.683198+00
28	courses	0004_alter_usercourse_options	2026-01-05 06:55:39.102974+00
29	courses	0005_alter_course_options	2026-01-05 06:57:20.33745+00
30	courses	0006_alter_usercourse_options_remove_user_password_hash_and_more	2026-01-05 09:42:30.622174+00
\.


--
-- Data for Name: django_session; Type: TABLE DATA; Schema: public; Owner: postgres
--

COPY public.django_session (session_key, session_data, expire_date) FROM stdin;
1kf98gk5pfs2mq1vfbowxluzv0o1v37f	.eJxVjDsOwjAQBe_iGllrB_8o6TmDtV6vcQA5UpxUiLuTSCmgfTPz3iLiutS4dp7jmMVFaHH63RLSk9sO8gPbfZI0tWUek9wVedAub1Pm1_Vw_w4q9rrVIetsvTODBeU5ATEkQ6S8UWCgBE4uOfQOC5tN1a4UBlJkz07jwEF8vuKVODQ:1vY6u5:R-j1EsP1_aCy01sYPLOQaPIZRh1h3Qgm0Y7zX-BhAFI	2026-01-06 18:14:37.389+00
stiiqo1dbskv7rb8i4r8phqwlkxj48x9	.eJxVjMsOwiAQRf-FtSEMb1y69xvIwIBUDU1KuzL-uzbpQrf3nHNfLOK2triNssSJ2JkBO_1uCfOj9B3QHftt5nnu6zIlviv8oINfZyrPy-H-HTQc7Vs7q4UTQSvpEzifwYPBYEHpGkChNNVVD1ZQ0tq4ashClUWRIIupZmTvD5zVNxM:1vUp1A:RfVrKBKdARNRGIWcTFxsgEs_6epD4kOq_Vx4v4e7oEI	2025-12-28 16:32:20.003+00
iywb2guo6l6zq9d6uiw8pq6pg5b3cwxk	.eJxVjEEOwiAQRe_C2hA6QHFcuu8ZyAxDbdVAUtqV8e7apAvd_vfef6lI2zrFreUlzqIuCoI6_Y5M6ZHLTuRO5VZ1qmVdZta7og_a9FAlP6-H-3cwUZu-NfeeKHkUbwAzi7N96BjBsLPOsxlNMCgIwD2ckyUvkLuUBXEEFED1_gAB1TfZ:1vchAh:WIJaE-3lAd5va3tAN28gD38S4XeiYJb7ZWc5uIoE60A	2026-01-19 09:46:43.660275+00
jg4ke7ntjmf6iqlt3qd1o647nrp4pq90	.eJxVjEEOwiAQRe_C2hA6QHFcuu8ZyAxDbdVAUtqV8e7apAvd_vfef6lI2zrFreUlzqIuCoI6_Y5M6ZHLTuRO5VZ1qmVdZta7og_a9FAlP6-H-3cwUZu-NfeeKHkUbwAzi7N96BjBsLPOsxlNMCgIwD2ckyUvkLuUBXEEFED1_gAB1TfZ:1vcive:piXukCYv0SMNZkHOGHI9dv3J1_gRsN4yowzfylRg3F8	2026-01-19 11:39:18.061472+00
\.


--
-- Data for Name: enrollments; Type: TABLE DATA; Schema: public; Owner: postgres
--

COPY public.enrollments (id, user_id, course_id, payment_id, enrolled_at, completed_at, progress_pct, status) FROM stdin;
5	27	6	\N	2026-01-05 09:49:25.622083	\N	0	active
6	28	8	\N	2026-01-05 10:18:21.528155	\N	0	active
7	28	11	\N	2026-01-05 11:40:44.376319	\N	0	active
8	28	14	\N	2026-01-07 13:35:01.500942	\N	0	active
\.


--
-- Data for Name: lessons; Type: TABLE DATA; Schema: public; Owner: postgres
--

COPY public.lessons (id, module_id, title, content, video_url, is_deleted, order_num, is_locked, duration_min) FROM stdin;
23	21	Введение: Микросервисы	Обзор темы и ключевые понятия		f	1	t	20
24	21	Практика: Микросервисы	Практическая работа и примеры		f	2	t	25
25	21	Итоги: Микросервисы	Разбор ошибок и выводы		f	3	t	30
26	22	Введение: API и взаимодействие	Обзор темы и ключевые понятия		f	1	t	20
27	22	Практика: API и взаимодействие	Практическая работа и примеры		f	2	t	25
28	22	Итоги: API и взаимодействие	Разбор ошибок и выводы		f	3	t	30
29	23	Введение: Service Discovery	Обзор темы и ключевые понятия		f	1	t	20
30	23	Практика: Service Discovery	Практическая работа и примеры		f	2	t	25
31	23	Итоги: Service Discovery	Разбор ошибок и выводы		f	3	t	30
32	24	Введение: Fault tolerance	Обзор темы и ключевые понятия		f	1	t	20
33	24	Практика: Fault tolerance	Практическая работа и примеры		f	2	t	25
34	24	Итоги: Fault tolerance	Разбор ошибок и выводы		f	3	t	30
35	25	Введение: Observability	Обзор темы и ключевые понятия		f	1	t	20
36	25	Практика: Observability	Практическая работа и примеры		f	2	t	25
37	25	Итоги: Observability	Разбор ошибок и выводы		f	3	t	30
38	26	Введение: Python для анализа	Обзор темы и ключевые понятия		f	1	t	20
39	26	Практика: Python для анализа	Практическая работа и примеры		f	2	t	25
40	26	Итоги: Python для анализа	Разбор ошибок и выводы		f	3	t	30
41	27	Введение: Pandas и NumPy	Обзор темы и ключевые понятия		f	1	t	20
42	27	Практика: Pandas и NumPy	Практическая работа и примеры		f	2	t	25
43	27	Итоги: Pandas и NumPy	Разбор ошибок и выводы		f	3	t	30
44	28	Введение: Визуализация	Обзор темы и ключевые понятия		f	1	t	20
45	28	Практика: Визуализация	Практическая работа и примеры		f	2	t	25
46	28	Итоги: Визуализация	Разбор ошибок и выводы		f	3	t	30
47	29	Введение: ML основы	Обзор темы и ключевые понятия		f	1	t	20
48	29	Практика: ML основы	Практическая работа и примеры		f	2	t	25
49	29	Итоги: ML основы	Разбор ошибок и выводы		f	3	t	30
50	30	Введение: Финальный проект	Обзор темы и ключевые понятия		f	1	t	20
51	30	Практика: Финальный проект	Практическая работа и примеры		f	2	t	25
52	30	Итоги: Финальный проект	Разбор ошибок и выводы		f	3	t	30
53	31	Введение: Архитектура React	Обзор темы и ключевые понятия		f	1	t	20
54	31	Практика: Архитектура React	Практическая работа и примеры		f	2	t	25
55	31	Итоги: Архитектура React	Разбор ошибок и выводы		f	3	t	30
56	32	Введение: Hooks	Обзор темы и ключевые понятия		f	1	t	20
57	32	Практика: Hooks	Практическая работа и примеры		f	2	t	25
58	32	Итоги: Hooks	Разбор ошибок и выводы		f	3	t	30
59	33	Введение: State management	Обзор темы и ключевые понятия		f	1	t	20
60	33	Практика: State management	Практическая работа и примеры		f	2	t	25
61	33	Итоги: State management	Разбор ошибок и выводы		f	3	t	30
62	34	Введение: Производительность	Обзор темы и ключевые понятия		f	1	t	20
63	34	Практика: Производительность	Практическая работа и примеры		f	2	t	25
64	34	Итоги: Производительность	Разбор ошибок и выводы		f	3	t	30
65	35	Введение: Тестирование	Обзор темы и ключевые понятия		f	1	t	20
66	35	Практика: Тестирование	Практическая работа и примеры		f	2	t	25
67	35	Итоги: Тестирование	Разбор ошибок и выводы		f	3	t	30
68	36	Введение: ML основы	Обзор темы и ключевые понятия		f	1	t	20
69	36	Практика: ML основы	Практическая работа и примеры		f	2	t	25
70	36	Итоги: ML основы	Разбор ошибок и выводы		f	3	t	30
71	37	Введение: Обработка данных	Обзор темы и ключевые понятия		f	1	t	20
72	37	Практика: Обработка данных	Практическая работа и примеры		f	2	t	25
73	37	Итоги: Обработка данных	Разбор ошибок и выводы		f	3	t	30
74	38	Введение: Алгоритмы обучения	Обзор темы и ключевые понятия		f	1	t	20
75	38	Практика: Алгоритмы обучения	Практическая работа и примеры		f	2	t	25
76	38	Итоги: Алгоритмы обучения	Разбор ошибок и выводы		f	3	t	30
77	39	Введение: Нейросети	Обзор темы и ключевые понятия		f	1	t	20
78	39	Практика: Нейросети	Практическая работа и примеры		f	2	t	25
79	39	Итоги: Нейросети	Разбор ошибок и выводы		f	3	t	30
80	40	Введение: ML в продакшене	Обзор темы и ключевые понятия		f	1	t	20
81	40	Практика: ML в продакшене	Практическая работа и примеры		f	2	t	25
82	40	Итоги: ML в продакшене	Разбор ошибок и выводы		f	3	t	30
83	41	Введение: DevOps культура	Обзор темы и ключевые понятия		f	1	t	20
84	41	Практика: DevOps культура	Практическая работа и примеры		f	2	t	25
85	41	Итоги: DevOps культура	Разбор ошибок и выводы		f	3	t	30
86	42	Введение: CI/CD пайплайны	Обзор темы и ключевые понятия		f	1	t	20
87	42	Практика: CI/CD пайплайны	Практическая работа и примеры		f	2	t	25
88	42	Итоги: CI/CD пайплайны	Разбор ошибок и выводы		f	3	t	30
89	43	Введение: Docker и контейнеры	Обзор темы и ключевые понятия		f	1	t	20
90	43	Практика: Docker и контейнеры	Практическая работа и примеры		f	2	t	25
91	43	Итоги: Docker и контейнеры	Разбор ошибок и выводы		f	3	t	30
92	44	Введение: Kubernetes	Обзор темы и ключевые понятия		f	1	t	20
93	44	Практика: Kubernetes	Практическая работа и примеры		f	2	t	25
94	44	Итоги: Kubernetes	Разбор ошибок и выводы		f	3	t	30
95	45	Введение: Мониторинг и логирование	Обзор темы и ключевые понятия		f	1	t	20
96	45	Практика: Мониторинг и логирование	Практическая работа и примеры		f	2	t	25
97	45	Итоги: Мониторинг и логирование	Разбор ошибок и выводы		f	3	t	30
98	46	Введение: Модуль 1	Обзор темы и ключевые понятия		f	1	t	20
99	46	Практика: Модуль 1	Практическая работа и примеры		f	2	t	25
100	46	Итоги: Модуль 1	Разбор ошибок и выводы		f	3	t	30
101	47	Введение: Модуль 2	Обзор темы и ключевые понятия		f	1	t	20
102	47	Практика: Модуль 2	Практическая работа и примеры		f	2	t	25
103	47	Итоги: Модуль 2	Разбор ошибок и выводы		f	3	t	30
104	48	Введение: Модуль 3	Обзор темы и ключевые понятия		f	1	t	20
105	48	Практика: Модуль 3	Практическая работа и примеры		f	2	t	25
106	48	Итоги: Модуль 3	Разбор ошибок и выводы		f	3	t	30
107	49	Введение: Модуль 4	Обзор темы и ключевые понятия		f	1	t	20
108	49	Практика: Модуль 4	Практическая работа и примеры		f	2	t	25
109	49	Итоги: Модуль 4	Разбор ошибок и выводы		f	3	t	30
110	50	Введение: Модуль 5	Обзор темы и ключевые понятия		f	1	t	20
111	50	Практика: Модуль 5	Практическая работа и примеры		f	2	t	25
112	50	Итоги: Модуль 5	Разбор ошибок и выводы		f	3	t	30
113	51	Введение: UX основы	Обзор темы и ключевые понятия		f	1	t	20
114	51	Практика: UX основы	Практическая работа и примеры		f	2	t	25
115	51	Итоги: UX основы	Разбор ошибок и выводы		f	3	t	30
116	52	Введение: User research	Обзор темы и ключевые понятия		f	1	t	20
117	52	Практика: User research	Практическая работа и примеры		f	2	t	25
118	52	Итоги: User research	Разбор ошибок и выводы		f	3	t	30
119	53	Введение: UI дизайн	Обзор темы и ключевые понятия		f	1	t	20
120	53	Практика: UI дизайн	Практическая работа и примеры		f	2	t	25
121	53	Итоги: UI дизайн	Разбор ошибок и выводы		f	3	t	30
122	54	Введение: Прототипирование	Обзор темы и ключевые понятия		f	1	t	20
123	54	Практика: Прототипирование	Практическая работа и примеры		f	2	t	25
124	54	Итоги: Прототипирование	Разбор ошибок и выводы		f	3	t	30
125	55	Введение: Дизайн-системы	Обзор темы и ключевые понятия		f	1	t	20
126	55	Практика: Дизайн-системы	Практическая работа и примеры		f	2	t	25
127	55	Итоги: Дизайн-системы	Разбор ошибок и выводы		f	3	t	30
128	56	Введение: Big Data основы	Обзор темы и ключевые понятия		f	1	t	20
129	56	Практика: Big Data основы	Практическая работа и примеры		f	2	t	25
130	56	Итоги: Big Data основы	Разбор ошибок и выводы		f	3	t	30
131	57	Введение: Hadoop	Обзор темы и ключевые понятия		f	1	t	20
132	57	Практика: Hadoop	Практическая работа и примеры		f	2	t	25
133	57	Итоги: Hadoop	Разбор ошибок и выводы		f	3	t	30
134	58	Введение: Spark	Обзор темы и ключевые понятия		f	1	t	20
135	58	Практика: Spark	Практическая работа и примеры		f	2	t	25
136	58	Итоги: Spark	Разбор ошибок и выводы		f	3	t	30
137	59	Введение: Data pipelines	Обзор темы и ключевые понятия		f	1	t	20
138	59	Практика: Data pipelines	Практическая работа и примеры		f	2	t	25
139	59	Итоги: Data pipelines	Разбор ошибок и выводы		f	3	t	30
140	60	Введение: Аналитика	Обзор темы и ключевые понятия		f	1	t	20
141	60	Практика: Аналитика	Практическая работа и примеры		f	2	t	25
142	60	Итоги: Аналитика	Разбор ошибок и выводы		f	3	t	30
143	61	Введение: Основы безопасности	Обзор темы и ключевые понятия		f	1	t	20
144	61	Практика: Основы безопасности	Практическая работа и примеры		f	2	t	25
145	61	Итоги: Основы безопасности	Разбор ошибок и выводы		f	3	t	30
146	62	Введение: Сетевые атаки	Обзор темы и ключевые понятия		f	1	t	20
147	62	Практика: Сетевые атаки	Практическая работа и примеры		f	2	t	25
148	62	Итоги: Сетевые атаки	Разбор ошибок и выводы		f	3	t	30
149	63	Введение: Web security	Обзор темы и ключевые понятия		f	1	t	20
150	63	Практика: Web security	Практическая работа и примеры		f	2	t	25
151	63	Итоги: Web security	Разбор ошибок и выводы		f	3	t	30
152	64	Введение: Pentest	Обзор темы и ключевые понятия		f	1	t	20
153	64	Практика: Pentest	Практическая работа и примеры		f	2	t	25
154	64	Итоги: Pentest	Разбор ошибок и выводы		f	3	t	30
155	65	Введение: Incident response	Обзор темы и ключевые понятия		f	1	t	20
156	65	Практика: Incident response	Практическая работа и примеры		f	2	t	25
157	65	Итоги: Incident response	Разбор ошибок и выводы		f	3	t	30
158	66	Введение: Основы блокчейна	Обзор темы и ключевые понятия		f	1	t	20
159	66	Практика: Основы блокчейна	Практическая работа и примеры		f	2	t	25
160	66	Итоги: Основы блокчейна	Разбор ошибок и выводы		f	3	t	30
161	67	Введение: Ethereum	Обзор темы и ключевые понятия		f	1	t	20
162	67	Практика: Ethereum	Практическая работа и примеры		f	2	t	25
163	67	Итоги: Ethereum	Разбор ошибок и выводы		f	3	t	30
164	68	Введение: Solidity	Обзор темы и ключевые понятия		f	1	t	20
165	68	Практика: Solidity	Практическая работа и примеры		f	2	t	25
166	68	Итоги: Solidity	Разбор ошибок и выводы		f	3	t	30
167	69	Введение: Смарт-контракты	Обзор темы и ключевые понятия		f	1	t	20
168	69	Практика: Смарт-контракты	Практическая работа и примеры		f	2	t	25
169	69	Итоги: Смарт-контракты	Разбор ошибок и выводы		f	3	t	30
170	70	Введение: Безопасность	Обзор темы и ключевые понятия		f	1	t	20
171	70	Практика: Безопасность	Практическая работа и примеры		f	2	t	25
172	70	Итоги: Безопасность	Разбор ошибок и выводы		f	3	t	30
\.


--
-- Data for Name: modules; Type: TABLE DATA; Schema: public; Owner: postgres
--

COPY public.modules (id, course_id, title, description, is_deleted, order_num) FROM stdin;
21	10	Микросервисы	Микросервисы. Подробное изучение темы.	f	1
22	10	API и взаимодействие	API и взаимодействие. Подробное изучение темы.	f	2
23	10	Service Discovery	Service Discovery. Подробное изучение темы.	f	3
24	10	Fault tolerance	Fault tolerance. Подробное изучение темы.	f	4
25	10	Observability	Observability. Подробное изучение темы.	f	5
26	11	Python для анализа	Python для анализа. Подробное изучение темы.	f	1
27	11	Pandas и NumPy	Pandas и NumPy. Подробное изучение темы.	f	2
28	11	Визуализация	Визуализация. Подробное изучение темы.	f	3
29	11	ML основы	ML основы. Подробное изучение темы.	f	4
30	11	Финальный проект	Финальный проект. Подробное изучение темы.	f	5
31	12	Архитектура React	Архитектура React. Подробное изучение темы.	f	1
32	12	Hooks	Hooks. Подробное изучение темы.	f	2
33	12	State management	State management. Подробное изучение темы.	f	3
34	12	Производительность	Производительность. Подробное изучение темы.	f	4
35	12	Тестирование	Тестирование. Подробное изучение темы.	f	5
36	13	ML основы	ML основы. Подробное изучение темы.	f	1
37	13	Обработка данных	Обработка данных. Подробное изучение темы.	f	2
38	13	Алгоритмы обучения	Алгоритмы обучения. Подробное изучение темы.	f	3
39	13	Нейросети	Нейросети. Подробное изучение темы.	f	4
40	13	ML в продакшене	ML в продакшене. Подробное изучение темы.	f	5
41	14	DevOps культура	DevOps культура. Подробное изучение темы.	f	1
42	14	CI/CD пайплайны	CI/CD пайплайны. Подробное изучение темы.	f	2
43	14	Docker и контейнеры	Docker и контейнеры. Подробное изучение темы.	f	3
44	14	Kubernetes	Kubernetes. Подробное изучение темы.	f	4
45	14	Мониторинг и логирование	Мониторинг и логирование. Подробное изучение темы.	f	5
46	5	Модуль 1	Модуль 1. Подробное изучение темы.	f	1
47	5	Модуль 2	Модуль 2. Подробное изучение темы.	f	2
48	5	Модуль 3	Модуль 3. Подробное изучение темы.	f	3
49	5	Модуль 4	Модуль 4. Подробное изучение темы.	f	4
50	5	Модуль 5	Модуль 5. Подробное изучение темы.	f	5
51	6	UX основы	UX основы. Подробное изучение темы.	f	1
52	6	User research	User research. Подробное изучение темы.	f	2
53	6	UI дизайн	UI дизайн. Подробное изучение темы.	f	3
54	6	Прототипирование	Прототипирование. Подробное изучение темы.	f	4
55	6	Дизайн-системы	Дизайн-системы. Подробное изучение темы.	f	5
56	7	Big Data основы	Big Data основы. Подробное изучение темы.	f	1
57	7	Hadoop	Hadoop. Подробное изучение темы.	f	2
58	7	Spark	Spark. Подробное изучение темы.	f	3
59	7	Data pipelines	Data pipelines. Подробное изучение темы.	f	4
60	7	Аналитика	Аналитика. Подробное изучение темы.	f	5
61	8	Основы безопасности	Основы безопасности. Подробное изучение темы.	f	1
62	8	Сетевые атаки	Сетевые атаки. Подробное изучение темы.	f	2
63	8	Web security	Web security. Подробное изучение темы.	f	3
64	8	Pentest	Pentest. Подробное изучение темы.	f	4
65	8	Incident response	Incident response. Подробное изучение темы.	f	5
66	9	Основы блокчейна	Основы блокчейна. Подробное изучение темы.	f	1
67	9	Ethereum	Ethereum. Подробное изучение темы.	f	2
68	9	Solidity	Solidity. Подробное изучение темы.	f	3
69	9	Смарт-контракты	Смарт-контракты. Подробное изучение темы.	f	4
70	9	Безопасность	Безопасность. Подробное изучение темы.	f	5
\.


--
-- Data for Name: payments; Type: TABLE DATA; Schema: public; Owner: postgres
--

COPY public.payments (id, user_id, course_id, amount, currency, payment_method, status, transaction_id, paid_at) FROM stdin;
\.


--
-- Data for Name: ratings; Type: TABLE DATA; Schema: public; Owner: postgres
--

COPY public.ratings (id, user_id, course_id, rating, comment, created_at) FROM stdin;
\.


--
-- Data for Name: roles; Type: TABLE DATA; Schema: public; Owner: postgres
--

COPY public.roles (id, name, description) FROM stdin;
1	admin	Администратор
2	instructor	Преподаватель
3	student	Студент
\.


--
-- Data for Name: submissions; Type: TABLE DATA; Schema: public; Owner: postgres
--

COPY public.submissions (id, assignment_id, user_id, submitted_at, content, file_url, score, feedback, is_graded) FROM stdin;
\.


--
-- Data for Name: users; Type: TABLE DATA; Schema: public; Owner: postgres
--

COPY public.users (id, email, first_name, last_name, phone, avatar_url, is_active, created_at, updated_at, is_staff, is_superuser, last_login, password) FROM stdin;
24	pup@gmail.com	pup	pup	1111	\N	t	2026-01-04 14:55:09.320676	2026-01-04 14:55:09.405953	f	f	\N	mypassword123
15	ivan.ivanov@edu.ru	Иван	Иванов	+79001111555	https://miro.medium.com/v2/resize:fit:1400/format:webp/1*vN01lCXAlmGteKS0GF1-2A.jpeg	t	2025-12-24 10:52:05.609	2025-12-26 07:47:58.47308	f	f	\N	mypassword123
16	maria.petrova@edu.ru	Мария	Петрова	+79002222666	https://cdn.coursehunter.net/courses/720x440/postigaem-osnovy-python.webp	t	2025-12-24 10:52:05.609	2025-12-26 07:47:58.47308	f	f	\N	mypassword123
17	aleksey.smirnov@edu.ru	Алексей	Смирнов	+79003333777	https://beonmax.com/img//cover/react.jpg	t	2025-12-24 10:52:05.609	2025-12-26 07:47:58.47308	f	f	\N	mypassword123
2	liza@edu.ru	Лиза	Смирнова	+79002222222	https://a.com/liza.jpg	t	2025-12-14 09:29:23.653	2025-12-26 07:47:58.47308	f	f	\N	mypassword123
3	python_teacher@edu.ru	Анна	Котова	+79003333333	https://a.com/anna.jpg	t	2025-12-14 09:29:23.653	2025-12-26 07:47:58.47308	f	f	\N	mypassword123
4	web_teacher@edu.ru	Иван	Сергеев	+79004444444	https://a.com/ivan.jpg	t	2025-12-14 09:29:23.653	2025-12-26 07:47:58.47308	f	f	\N	mypassword123
5	student1@edu.ru	Мария	Иванова	+79005555555	https://a.com/mary.jpg	t	2025-12-14 09:29:23.653	2025-12-26 07:47:58.47308	f	f	\N	mypassword123
6	student2@edu.ru	Артём	Фёдоров	+79006666666	\N	t	2025-12-14 09:29:23.653	2025-12-26 07:47:58.47308	f	f	\N	mypassword123
7	student3@edu.ru	Ольга	Петрова	+79007777777	https://a.com/olga.jpg	t	2025-12-14 09:29:23.653	2025-12-26 07:47:58.47308	f	f	\N	mypassword123
8	student4@edu.ru	Дмитрий	Сидоров	+79008888888	\N	t	2025-12-14 09:29:23.653	2025-12-26 07:47:58.47308	f	f	\N	mypassword123
10	user@example.com	Ivan	Kiselev	+79504264367	\N	t	2025-12-24 08:07:56.053	2025-12-26 07:47:58.47308	f	f	\N	mypassword123
11	anna@example.com	string	string	string	\N	t	2025-12-24 08:17:49.075	2025-12-26 07:47:58.47308	f	f	\N	mypassword123
12	Petrov@example.com	string	string	string	\N	f	2025-12-24 05:18:04.57	2025-12-26 07:47:58.47308	f	f	\N	mypassword123
13	dan@yandex.ru	Nikita	danil	3424234	\N	t	2025-12-24 03:04:06.298	2025-12-26 07:47:58.47308	f	f	\N	mypassword123
14	bimbim@example.com	string	string	string	\N	t	2025-12-25 02:13:43.302	2025-12-26 07:47:58.47308	f	f	\N	mypassword123
18	ekaterina.lebedeva@edu.ru	Екатерина	Лебедева	+79004444888	\N	t	2025-12-24 10:52:05.609	2025-12-26 07:47:58.47308	f	f	\N	mypassword123
19	dmitry.kovalev@edu.ru	Дмитрий	Ковалев	+79005555999	https://cdn.coursehunter.net/courses/540x320/devops-ci-cd-nepreryvnaya-integraciya-dostavka-dlya-nachinayushchih.webp	t	2025-12-24 10:52:05.609	2025-12-26 07:47:58.47308	f	f	\N	mypassword123
20	svetlana.orlova@edu.ru	Светлана	Орлова	+79006666111	https://via.placeholder.com/300x200.png?text=UI/UX	t	2025-12-24 10:52:05.609	2025-12-26 07:47:58.47308	f	f	\N	mypassword123
21	oleg.novikov@edu.ru	Олег	Новиков	+79007777222	https://via.placeholder.com/300x200.png?text=Big+Data	t	2025-12-24 10:52:05.609	2025-12-26 07:47:58.47308	f	f	\N	mypassword123
22	andrey.melnikov@edu.ru	Андрей	Мельников	+79008888333	https://via.placeholder.com/300x200.png?text=Cybersecurity	t	2025-12-24 10:52:05.609	2025-12-26 07:47:58.47308	f	f	\N	mypassword123
23	natalya.sergeeva@edu.ru	Наталья	Сергеева	+79009999444	https://via.placeholder.com/300x200.png?text=Blockchain	t	2025-12-24 10:52:05.609	2025-12-26 07:47:58.47308	f	f	\N	mypassword123
1	nikita@edu.ru	Никита	Поляков	+79001111111	https://a.com/nikita.jpg	t	2025-12-13 21:29:23.653	2026-01-04 15:59:09.25342	f	f	\N	mypassword123
25	fa@yandex.com	Pepe	sanely	string	\N	t	2026-01-05 07:47:05.020615	2026-01-05 07:47:05.11653	f	f	\N	mypassword123
26	safsafsdfdsfs@yandex.com	Pepe	sanely	string	\N	t	2026-01-05 07:47:16.47797	2026-01-05 07:47:16.55511	f	f	\N	mypassword123
28	hal@example.com	o	o	+8	\N	t	2026-01-05 10:17:22.586801	2026-01-05 10:17:22.687907	f	f	\N	pbkdf2_sha256$600000$FGx54z1NtRZNSNsS1ZS4VX$d0yiFpdc5B12YsRXbtZeUKQE03ovldAEaj7QobzqBes=
27	bigrussingboss@gmail.com	Nikita	Polyakov	+79504264367	\N	t	2026-01-05 09:45:58.779775	2026-01-05 11:39:18.050407	t	t	2026-01-05 11:39:18.050541+00	pbkdf2_sha256$600000$JDlIr9KOc8bkfYo7sSYTle$LngdKmtGOgIYo6BkrU/prZNVmRhVXq6iqcLLa3cprps=
30	userddada@example.com	string	string	string	\N	t	2026-01-06 10:52:02.978994	2026-01-06 10:52:03.078768	f	f	\N	pbkdf2_sha256$600000$mH8tOi4kwTpj8s8wcWlGli$DJhwW5IYXZARRbhk7qzC3I6QWieXdToSRW4tx5L63/o=
\.


--
-- Data for Name: users_courses; Type: TABLE DATA; Schema: public; Owner: postgres
--

COPY public.users_courses (user_id, course_id, progress_pct, status, created_at, id) FROM stdin;
\.


--
-- Data for Name: users_groups; Type: TABLE DATA; Schema: public; Owner: postgres
--

COPY public.users_groups (id, user_id, group_id) FROM stdin;
\.


--
-- Data for Name: users_roles; Type: TABLE DATA; Schema: public; Owner: postgres
--

COPY public.users_roles (user_id, role_id) FROM stdin;
1	1
2	1
3	2
4	2
5	3
6	3
7	3
8	3
10	3
11	3
12	3
13	3
14	3
15	2
16	2
17	2
18	2
19	2
20	2
21	2
22	2
23	2
24	1
25	3
26	3
28	3
30	3
\.


--
-- Data for Name: users_user_permissions; Type: TABLE DATA; Schema: public; Owner: postgres
--

COPY public.users_user_permissions (id, user_id, permission_id) FROM stdin;
\.


--
-- Name: assignments_id_seq; Type: SEQUENCE SET; Schema: public; Owner: postgres
--

SELECT pg_catalog.setval('public.assignments_id_seq', 16, true);


--
-- Name: auth_group_id_seq; Type: SEQUENCE SET; Schema: public; Owner: postgres
--

SELECT pg_catalog.setval('public.auth_group_id_seq', 1, false);


--
-- Name: auth_group_permissions_id_seq; Type: SEQUENCE SET; Schema: public; Owner: postgres
--

SELECT pg_catalog.setval('public.auth_group_permissions_id_seq', 1, false);


--
-- Name: auth_permission_id_seq; Type: SEQUENCE SET; Schema: public; Owner: postgres
--

SELECT pg_catalog.setval('public.auth_permission_id_seq', 88, true);


--
-- Name: auth_user_groups_id_seq; Type: SEQUENCE SET; Schema: public; Owner: postgres
--

SELECT pg_catalog.setval('public.auth_user_groups_id_seq', 1, false);


--
-- Name: auth_user_id_seq; Type: SEQUENCE SET; Schema: public; Owner: postgres
--

SELECT pg_catalog.setval('public.auth_user_id_seq', 3, true);


--
-- Name: auth_user_user_permissions_id_seq; Type: SEQUENCE SET; Schema: public; Owner: postgres
--

SELECT pg_catalog.setval('public.auth_user_user_permissions_id_seq', 1, false);


--
-- Name: categories_id_seq; Type: SEQUENCE SET; Schema: public; Owner: postgres
--

SELECT pg_catalog.setval('public.categories_id_seq', 8, true);


--
-- Name: certificates_id_seq; Type: SEQUENCE SET; Schema: public; Owner: postgres
--

SELECT pg_catalog.setval('public.certificates_id_seq', 2, true);


--
-- Name: comments_id_seq; Type: SEQUENCE SET; Schema: public; Owner: postgres
--

SELECT pg_catalog.setval('public.comments_id_seq', 10, true);


--
-- Name: courses_id_seq; Type: SEQUENCE SET; Schema: public; Owner: postgres
--

SELECT pg_catalog.setval('public.courses_id_seq', 17, true);


--
-- Name: courses_user_groups_id_seq; Type: SEQUENCE SET; Schema: public; Owner: postgres
--

SELECT pg_catalog.setval('public.courses_user_groups_id_seq', 1, false);


--
-- Name: courses_user_user_permissions_id_seq; Type: SEQUENCE SET; Schema: public; Owner: postgres
--

SELECT pg_catalog.setval('public.courses_user_user_permissions_id_seq', 1, false);


--
-- Name: django_admin_log_id_seq; Type: SEQUENCE SET; Schema: public; Owner: postgres
--

SELECT pg_catalog.setval('public.django_admin_log_id_seq', 20, true);


--
-- Name: django_content_type_id_seq; Type: SEQUENCE SET; Schema: public; Owner: postgres
--

SELECT pg_catalog.setval('public.django_content_type_id_seq', 22, true);


--
-- Name: django_migrations_id_seq; Type: SEQUENCE SET; Schema: public; Owner: postgres
--

SELECT pg_catalog.setval('public.django_migrations_id_seq', 30, true);


--
-- Name: enrollments_id_seq; Type: SEQUENCE SET; Schema: public; Owner: postgres
--

SELECT pg_catalog.setval('public.enrollments_id_seq', 8, true);


--
-- Name: lessons_id_seq; Type: SEQUENCE SET; Schema: public; Owner: postgres
--

SELECT pg_catalog.setval('public.lessons_id_seq', 172, true);


--
-- Name: modules_id_seq; Type: SEQUENCE SET; Schema: public; Owner: postgres
--

SELECT pg_catalog.setval('public.modules_id_seq', 70, true);


--
-- Name: payments_id_seq; Type: SEQUENCE SET; Schema: public; Owner: postgres
--

SELECT pg_catalog.setval('public.payments_id_seq', 8, true);


--
-- Name: ratings_id_seq; Type: SEQUENCE SET; Schema: public; Owner: postgres
--

SELECT pg_catalog.setval('public.ratings_id_seq', 4, true);


--
-- Name: submissions_id_seq; Type: SEQUENCE SET; Schema: public; Owner: postgres
--

SELECT pg_catalog.setval('public.submissions_id_seq', 5, true);


--
-- Name: users_courses_id_seq; Type: SEQUENCE SET; Schema: public; Owner: postgres
--

SELECT pg_catalog.setval('public.users_courses_id_seq', 1, false);


--
-- Name: users_groups_id_seq; Type: SEQUENCE SET; Schema: public; Owner: postgres
--

SELECT pg_catalog.setval('public.users_groups_id_seq', 1, false);


--
-- Name: users_id_seq; Type: SEQUENCE SET; Schema: public; Owner: postgres
--

SELECT pg_catalog.setval('public.users_id_seq', 30, true);


--
-- Name: users_user_permissions_id_seq; Type: SEQUENCE SET; Schema: public; Owner: postgres
--

SELECT pg_catalog.setval('public.users_user_permissions_id_seq', 1, false);


--
-- Name: assignments assignments_pkey; Type: CONSTRAINT; Schema: public; Owner: postgres
--

ALTER TABLE ONLY public.assignments
    ADD CONSTRAINT assignments_pkey PRIMARY KEY (id);


--
-- Name: auth_group auth_group_name_key; Type: CONSTRAINT; Schema: public; Owner: postgres
--

ALTER TABLE ONLY public.auth_group
    ADD CONSTRAINT auth_group_name_key UNIQUE (name);


--
-- Name: auth_group_permissions auth_group_permissions_group_id_permission_id_0cd325b0_uniq; Type: CONSTRAINT; Schema: public; Owner: postgres
--

ALTER TABLE ONLY public.auth_group_permissions
    ADD CONSTRAINT auth_group_permissions_group_id_permission_id_0cd325b0_uniq UNIQUE (group_id, permission_id);


--
-- Name: auth_group_permissions auth_group_permissions_pkey; Type: CONSTRAINT; Schema: public; Owner: postgres
--

ALTER TABLE ONLY public.auth_group_permissions
    ADD CONSTRAINT auth_group_permissions_pkey PRIMARY KEY (id);


--
-- Name: auth_group auth_group_pkey; Type: CONSTRAINT; Schema: public; Owner: postgres
--

ALTER TABLE ONLY public.auth_group
    ADD CONSTRAINT auth_group_pkey PRIMARY KEY (id);


--
-- Name: auth_permission auth_permission_content_type_id_codename_01ab375a_uniq; Type: CONSTRAINT; Schema: public; Owner: postgres
--

ALTER TABLE ONLY public.auth_permission
    ADD CONSTRAINT auth_permission_content_type_id_codename_01ab375a_uniq UNIQUE (content_type_id, codename);


--
-- Name: auth_permission auth_permission_pkey; Type: CONSTRAINT; Schema: public; Owner: postgres
--

ALTER TABLE ONLY public.auth_permission
    ADD CONSTRAINT auth_permission_pkey PRIMARY KEY (id);


--
-- Name: auth_user_groups auth_user_groups_pkey; Type: CONSTRAINT; Schema: public; Owner: postgres
--

ALTER TABLE ONLY public.auth_user_groups
    ADD CONSTRAINT auth_user_groups_pkey PRIMARY KEY (id);


--
-- Name: auth_user_groups auth_user_groups_user_id_group_id_94350c0c_uniq; Type: CONSTRAINT; Schema: public; Owner: postgres
--

ALTER TABLE ONLY public.auth_user_groups
    ADD CONSTRAINT auth_user_groups_user_id_group_id_94350c0c_uniq UNIQUE (user_id, group_id);


--
-- Name: auth_user auth_user_pkey; Type: CONSTRAINT; Schema: public; Owner: postgres
--

ALTER TABLE ONLY public.auth_user
    ADD CONSTRAINT auth_user_pkey PRIMARY KEY (id);


--
-- Name: auth_user_user_permissions auth_user_user_permissions_pkey; Type: CONSTRAINT; Schema: public; Owner: postgres
--

ALTER TABLE ONLY public.auth_user_user_permissions
    ADD CONSTRAINT auth_user_user_permissions_pkey PRIMARY KEY (id);


--
-- Name: auth_user_user_permissions auth_user_user_permissions_user_id_permission_id_14a6b632_uniq; Type: CONSTRAINT; Schema: public; Owner: postgres
--

ALTER TABLE ONLY public.auth_user_user_permissions
    ADD CONSTRAINT auth_user_user_permissions_user_id_permission_id_14a6b632_uniq UNIQUE (user_id, permission_id);


--
-- Name: auth_user auth_user_username_key; Type: CONSTRAINT; Schema: public; Owner: postgres
--

ALTER TABLE ONLY public.auth_user
    ADD CONSTRAINT auth_user_username_key UNIQUE (username);


--
-- Name: categories categories_pkey; Type: CONSTRAINT; Schema: public; Owner: postgres
--

ALTER TABLE ONLY public.categories
    ADD CONSTRAINT categories_pkey PRIMARY KEY (id);


--
-- Name: categories categories_slug_key; Type: CONSTRAINT; Schema: public; Owner: postgres
--

ALTER TABLE ONLY public.categories
    ADD CONSTRAINT categories_slug_key UNIQUE (slug);


--
-- Name: certificates certificates_pkey; Type: CONSTRAINT; Schema: public; Owner: postgres
--

ALTER TABLE ONLY public.certificates
    ADD CONSTRAINT certificates_pkey PRIMARY KEY (id);


--
-- Name: certificates certificates_user_id_course_id_key; Type: CONSTRAINT; Schema: public; Owner: postgres
--

ALTER TABLE ONLY public.certificates
    ADD CONSTRAINT certificates_user_id_course_id_key UNIQUE (user_id, course_id);


--
-- Name: certificates certificates_verification_code_key; Type: CONSTRAINT; Schema: public; Owner: postgres
--

ALTER TABLE ONLY public.certificates
    ADD CONSTRAINT certificates_verification_code_key UNIQUE (verification_code);


--
-- Name: comments comments_pkey; Type: CONSTRAINT; Schema: public; Owner: postgres
--

ALTER TABLE ONLY public.comments
    ADD CONSTRAINT comments_pkey PRIMARY KEY (id);


--
-- Name: courses courses_pkey; Type: CONSTRAINT; Schema: public; Owner: postgres
--

ALTER TABLE ONLY public.courses
    ADD CONSTRAINT courses_pkey PRIMARY KEY (id);


--
-- Name: courses courses_slug_key; Type: CONSTRAINT; Schema: public; Owner: postgres
--

ALTER TABLE ONLY public.courses
    ADD CONSTRAINT courses_slug_key UNIQUE (slug);


--
-- Name: courses_user_groups courses_user_groups_pkey; Type: CONSTRAINT; Schema: public; Owner: postgres
--

ALTER TABLE ONLY public.courses_user_groups
    ADD CONSTRAINT courses_user_groups_pkey PRIMARY KEY (id);


--
-- Name: courses_user_groups courses_user_groups_user_id_group_id_b5cd82da_uniq; Type: CONSTRAINT; Schema: public; Owner: postgres
--

ALTER TABLE ONLY public.courses_user_groups
    ADD CONSTRAINT courses_user_groups_user_id_group_id_b5cd82da_uniq UNIQUE (user_id, group_id);


--
-- Name: courses_user_user_permissions courses_user_user_permis_user_id_permission_id_e0e9296d_uniq; Type: CONSTRAINT; Schema: public; Owner: postgres
--

ALTER TABLE ONLY public.courses_user_user_permissions
    ADD CONSTRAINT courses_user_user_permis_user_id_permission_id_e0e9296d_uniq UNIQUE (user_id, permission_id);


--
-- Name: courses_user_user_permissions courses_user_user_permissions_pkey; Type: CONSTRAINT; Schema: public; Owner: postgres
--

ALTER TABLE ONLY public.courses_user_user_permissions
    ADD CONSTRAINT courses_user_user_permissions_pkey PRIMARY KEY (id);


--
-- Name: django_admin_log django_admin_log_pkey; Type: CONSTRAINT; Schema: public; Owner: postgres
--

ALTER TABLE ONLY public.django_admin_log
    ADD CONSTRAINT django_admin_log_pkey PRIMARY KEY (id);


--
-- Name: django_content_type django_content_type_app_label_model_76bd3d3b_uniq; Type: CONSTRAINT; Schema: public; Owner: postgres
--

ALTER TABLE ONLY public.django_content_type
    ADD CONSTRAINT django_content_type_app_label_model_76bd3d3b_uniq UNIQUE (app_label, model);


--
-- Name: django_content_type django_content_type_pkey; Type: CONSTRAINT; Schema: public; Owner: postgres
--

ALTER TABLE ONLY public.django_content_type
    ADD CONSTRAINT django_content_type_pkey PRIMARY KEY (id);


--
-- Name: django_migrations django_migrations_pkey; Type: CONSTRAINT; Schema: public; Owner: postgres
--

ALTER TABLE ONLY public.django_migrations
    ADD CONSTRAINT django_migrations_pkey PRIMARY KEY (id);


--
-- Name: django_session django_session_pkey; Type: CONSTRAINT; Schema: public; Owner: postgres
--

ALTER TABLE ONLY public.django_session
    ADD CONSTRAINT django_session_pkey PRIMARY KEY (session_key);


--
-- Name: enrollments enrollments_pkey; Type: CONSTRAINT; Schema: public; Owner: postgres
--

ALTER TABLE ONLY public.enrollments
    ADD CONSTRAINT enrollments_pkey PRIMARY KEY (id);


--
-- Name: enrollments enrollments_user_id_course_id_key; Type: CONSTRAINT; Schema: public; Owner: postgres
--

ALTER TABLE ONLY public.enrollments
    ADD CONSTRAINT enrollments_user_id_course_id_key UNIQUE (user_id, course_id);


--
-- Name: lessons lessons_module_id_order_num_key; Type: CONSTRAINT; Schema: public; Owner: postgres
--

ALTER TABLE ONLY public.lessons
    ADD CONSTRAINT lessons_module_id_order_num_key UNIQUE (module_id, order_num);


--
-- Name: lessons lessons_pkey; Type: CONSTRAINT; Schema: public; Owner: postgres
--

ALTER TABLE ONLY public.lessons
    ADD CONSTRAINT lessons_pkey PRIMARY KEY (id);


--
-- Name: modules modules_course_id_order_num_key; Type: CONSTRAINT; Schema: public; Owner: postgres
--

ALTER TABLE ONLY public.modules
    ADD CONSTRAINT modules_course_id_order_num_key UNIQUE (course_id, order_num);


--
-- Name: modules modules_pkey; Type: CONSTRAINT; Schema: public; Owner: postgres
--

ALTER TABLE ONLY public.modules
    ADD CONSTRAINT modules_pkey PRIMARY KEY (id);


--
-- Name: payments payments_pkey; Type: CONSTRAINT; Schema: public; Owner: postgres
--

ALTER TABLE ONLY public.payments
    ADD CONSTRAINT payments_pkey PRIMARY KEY (id);


--
-- Name: ratings ratings_pkey; Type: CONSTRAINT; Schema: public; Owner: postgres
--

ALTER TABLE ONLY public.ratings
    ADD CONSTRAINT ratings_pkey PRIMARY KEY (id);


--
-- Name: ratings ratings_user_id_course_id_key; Type: CONSTRAINT; Schema: public; Owner: postgres
--

ALTER TABLE ONLY public.ratings
    ADD CONSTRAINT ratings_user_id_course_id_key UNIQUE (user_id, course_id);


--
-- Name: roles roles_name_key; Type: CONSTRAINT; Schema: public; Owner: postgres
--

ALTER TABLE ONLY public.roles
    ADD CONSTRAINT roles_name_key UNIQUE (name);


--
-- Name: roles roles_pkey; Type: CONSTRAINT; Schema: public; Owner: postgres
--

ALTER TABLE ONLY public.roles
    ADD CONSTRAINT roles_pkey PRIMARY KEY (id);


--
-- Name: submissions submissions_assignment_id_user_id_key; Type: CONSTRAINT; Schema: public; Owner: postgres
--

ALTER TABLE ONLY public.submissions
    ADD CONSTRAINT submissions_assignment_id_user_id_key UNIQUE (assignment_id, user_id);


--
-- Name: submissions submissions_pkey; Type: CONSTRAINT; Schema: public; Owner: postgres
--

ALTER TABLE ONLY public.submissions
    ADD CONSTRAINT submissions_pkey PRIMARY KEY (id);


--
-- Name: users_courses users_courses_pkey; Type: CONSTRAINT; Schema: public; Owner: postgres
--

ALTER TABLE ONLY public.users_courses
    ADD CONSTRAINT users_courses_pkey PRIMARY KEY (id);


--
-- Name: users users_email_key; Type: CONSTRAINT; Schema: public; Owner: postgres
--

ALTER TABLE ONLY public.users
    ADD CONSTRAINT users_email_key UNIQUE (email);


--
-- Name: users_groups users_groups_pkey; Type: CONSTRAINT; Schema: public; Owner: postgres
--

ALTER TABLE ONLY public.users_groups
    ADD CONSTRAINT users_groups_pkey PRIMARY KEY (id);


--
-- Name: users_groups users_groups_user_id_group_id_fc7788e8_uniq; Type: CONSTRAINT; Schema: public; Owner: postgres
--

ALTER TABLE ONLY public.users_groups
    ADD CONSTRAINT users_groups_user_id_group_id_fc7788e8_uniq UNIQUE (user_id, group_id);


--
-- Name: users users_pkey; Type: CONSTRAINT; Schema: public; Owner: postgres
--

ALTER TABLE ONLY public.users
    ADD CONSTRAINT users_pkey PRIMARY KEY (id);


--
-- Name: users_roles users_roles_pkey; Type: CONSTRAINT; Schema: public; Owner: postgres
--

ALTER TABLE ONLY public.users_roles
    ADD CONSTRAINT users_roles_pkey PRIMARY KEY (user_id, role_id);


--
-- Name: users_user_permissions users_user_permissions_pkey; Type: CONSTRAINT; Schema: public; Owner: postgres
--

ALTER TABLE ONLY public.users_user_permissions
    ADD CONSTRAINT users_user_permissions_pkey PRIMARY KEY (id);


--
-- Name: users_user_permissions users_user_permissions_user_id_permission_id_3b86cbdf_uniq; Type: CONSTRAINT; Schema: public; Owner: postgres
--

ALTER TABLE ONLY public.users_user_permissions
    ADD CONSTRAINT users_user_permissions_user_id_permission_id_3b86cbdf_uniq UNIQUE (user_id, permission_id);


--
-- Name: auth_group_name_a6ea08ec_like; Type: INDEX; Schema: public; Owner: postgres
--

CREATE INDEX auth_group_name_a6ea08ec_like ON public.auth_group USING btree (name varchar_pattern_ops);


--
-- Name: auth_group_permissions_group_id_b120cbf9; Type: INDEX; Schema: public; Owner: postgres
--

CREATE INDEX auth_group_permissions_group_id_b120cbf9 ON public.auth_group_permissions USING btree (group_id);


--
-- Name: auth_group_permissions_permission_id_84c5c92e; Type: INDEX; Schema: public; Owner: postgres
--

CREATE INDEX auth_group_permissions_permission_id_84c5c92e ON public.auth_group_permissions USING btree (permission_id);


--
-- Name: auth_permission_content_type_id_2f476e4b; Type: INDEX; Schema: public; Owner: postgres
--

CREATE INDEX auth_permission_content_type_id_2f476e4b ON public.auth_permission USING btree (content_type_id);


--
-- Name: auth_user_groups_group_id_97559544; Type: INDEX; Schema: public; Owner: postgres
--

CREATE INDEX auth_user_groups_group_id_97559544 ON public.auth_user_groups USING btree (group_id);


--
-- Name: auth_user_groups_user_id_6a12ed8b; Type: INDEX; Schema: public; Owner: postgres
--

CREATE INDEX auth_user_groups_user_id_6a12ed8b ON public.auth_user_groups USING btree (user_id);


--
-- Name: auth_user_user_permissions_permission_id_1fbb5f2c; Type: INDEX; Schema: public; Owner: postgres
--

CREATE INDEX auth_user_user_permissions_permission_id_1fbb5f2c ON public.auth_user_user_permissions USING btree (permission_id);


--
-- Name: auth_user_user_permissions_user_id_a95ead1b; Type: INDEX; Schema: public; Owner: postgres
--

CREATE INDEX auth_user_user_permissions_user_id_a95ead1b ON public.auth_user_user_permissions USING btree (user_id);


--
-- Name: auth_user_username_6821ab7c_like; Type: INDEX; Schema: public; Owner: postgres
--

CREATE INDEX auth_user_username_6821ab7c_like ON public.auth_user USING btree (username varchar_pattern_ops);


--
-- Name: courses_user_groups_group_id_f1b5c084; Type: INDEX; Schema: public; Owner: postgres
--

CREATE INDEX courses_user_groups_group_id_f1b5c084 ON public.courses_user_groups USING btree (group_id);


--
-- Name: courses_user_groups_user_id_c63786e3; Type: INDEX; Schema: public; Owner: postgres
--

CREATE INDEX courses_user_groups_user_id_c63786e3 ON public.courses_user_groups USING btree (user_id);


--
-- Name: courses_user_user_permissions_permission_id_5803efd0; Type: INDEX; Schema: public; Owner: postgres
--

CREATE INDEX courses_user_user_permissions_permission_id_5803efd0 ON public.courses_user_user_permissions USING btree (permission_id);


--
-- Name: courses_user_user_permissions_user_id_699dc51a; Type: INDEX; Schema: public; Owner: postgres
--

CREATE INDEX courses_user_user_permissions_user_id_699dc51a ON public.courses_user_user_permissions USING btree (user_id);


--
-- Name: django_admin_log_content_type_id_c4bce8eb; Type: INDEX; Schema: public; Owner: postgres
--

CREATE INDEX django_admin_log_content_type_id_c4bce8eb ON public.django_admin_log USING btree (content_type_id);


--
-- Name: django_admin_log_user_id_c564eba6; Type: INDEX; Schema: public; Owner: postgres
--

CREATE INDEX django_admin_log_user_id_c564eba6 ON public.django_admin_log USING btree (user_id);


--
-- Name: django_session_expire_date_a5c62663; Type: INDEX; Schema: public; Owner: postgres
--

CREATE INDEX django_session_expire_date_a5c62663 ON public.django_session USING btree (expire_date);


--
-- Name: django_session_session_key_c0390e0f_like; Type: INDEX; Schema: public; Owner: postgres
--

CREATE INDEX django_session_session_key_c0390e0f_like ON public.django_session USING btree (session_key varchar_pattern_ops);


--
-- Name: idx_categories_slug; Type: INDEX; Schema: public; Owner: postgres
--

CREATE INDEX idx_categories_slug ON public.categories USING btree (slug);


--
-- Name: idx_comments_course; Type: INDEX; Schema: public; Owner: postgres
--

CREATE INDEX idx_comments_course ON public.comments USING btree (course_id);


--
-- Name: idx_comments_lesson; Type: INDEX; Schema: public; Owner: postgres
--

CREATE INDEX idx_comments_lesson ON public.comments USING btree (lesson_id);


--
-- Name: idx_comments_parent; Type: INDEX; Schema: public; Owner: postgres
--

CREATE INDEX idx_comments_parent ON public.comments USING btree (parent_id);


--
-- Name: idx_courses_category; Type: INDEX; Schema: public; Owner: postgres
--

CREATE INDEX idx_courses_category ON public.courses USING btree (category_id);


--
-- Name: idx_courses_instructor; Type: INDEX; Schema: public; Owner: postgres
--

CREATE INDEX idx_courses_instructor ON public.courses USING btree (instructor_id);


--
-- Name: idx_courses_slug; Type: INDEX; Schema: public; Owner: postgres
--

CREATE INDEX idx_courses_slug ON public.courses USING btree (slug);


--
-- Name: idx_enrollments_course; Type: INDEX; Schema: public; Owner: postgres
--

CREATE INDEX idx_enrollments_course ON public.enrollments USING btree (course_id);


--
-- Name: idx_enrollments_user; Type: INDEX; Schema: public; Owner: postgres
--

CREATE INDEX idx_enrollments_user ON public.enrollments USING btree (user_id);


--
-- Name: idx_payments_status; Type: INDEX; Schema: public; Owner: postgres
--

CREATE INDEX idx_payments_status ON public.payments USING btree (status);


--
-- Name: idx_payments_user; Type: INDEX; Schema: public; Owner: postgres
--

CREATE INDEX idx_payments_user ON public.payments USING btree (user_id);


--
-- Name: idx_ratings_course; Type: INDEX; Schema: public; Owner: postgres
--

CREATE INDEX idx_ratings_course ON public.ratings USING btree (course_id);


--
-- Name: idx_users_email; Type: INDEX; Schema: public; Owner: postgres
--

CREATE INDEX idx_users_email ON public.users USING btree (email);


--
-- Name: users_groups_group_id_2f3517aa; Type: INDEX; Schema: public; Owner: postgres
--

CREATE INDEX users_groups_group_id_2f3517aa ON public.users_groups USING btree (group_id);


--
-- Name: users_groups_user_id_f500bee5; Type: INDEX; Schema: public; Owner: postgres
--

CREATE INDEX users_groups_user_id_f500bee5 ON public.users_groups USING btree (user_id);


--
-- Name: users_user_permissions_permission_id_6d08dcd2; Type: INDEX; Schema: public; Owner: postgres
--

CREATE INDEX users_user_permissions_permission_id_6d08dcd2 ON public.users_user_permissions USING btree (permission_id);


--
-- Name: users_user_permissions_user_id_92473840; Type: INDEX; Schema: public; Owner: postgres
--

CREATE INDEX users_user_permissions_user_id_92473840 ON public.users_user_permissions USING btree (user_id);


--
-- Name: users update_users_updated_at; Type: TRIGGER; Schema: public; Owner: postgres
--

CREATE TRIGGER update_users_updated_at BEFORE UPDATE ON public.users FOR EACH ROW EXECUTE FUNCTION public.update_updated_at_column();


--
-- Name: auth_group_permissions auth_group_permissio_permission_id_84c5c92e_fk_auth_perm; Type: FK CONSTRAINT; Schema: public; Owner: postgres
--

ALTER TABLE ONLY public.auth_group_permissions
    ADD CONSTRAINT auth_group_permissio_permission_id_84c5c92e_fk_auth_perm FOREIGN KEY (permission_id) REFERENCES public.auth_permission(id) DEFERRABLE INITIALLY DEFERRED;


--
-- Name: auth_group_permissions auth_group_permissions_group_id_b120cbf9_fk_auth_group_id; Type: FK CONSTRAINT; Schema: public; Owner: postgres
--

ALTER TABLE ONLY public.auth_group_permissions
    ADD CONSTRAINT auth_group_permissions_group_id_b120cbf9_fk_auth_group_id FOREIGN KEY (group_id) REFERENCES public.auth_group(id) DEFERRABLE INITIALLY DEFERRED;


--
-- Name: auth_permission auth_permission_content_type_id_2f476e4b_fk_django_co; Type: FK CONSTRAINT; Schema: public; Owner: postgres
--

ALTER TABLE ONLY public.auth_permission
    ADD CONSTRAINT auth_permission_content_type_id_2f476e4b_fk_django_co FOREIGN KEY (content_type_id) REFERENCES public.django_content_type(id) DEFERRABLE INITIALLY DEFERRED;


--
-- Name: auth_user_groups auth_user_groups_group_id_97559544_fk_auth_group_id; Type: FK CONSTRAINT; Schema: public; Owner: postgres
--

ALTER TABLE ONLY public.auth_user_groups
    ADD CONSTRAINT auth_user_groups_group_id_97559544_fk_auth_group_id FOREIGN KEY (group_id) REFERENCES public.auth_group(id) DEFERRABLE INITIALLY DEFERRED;


--
-- Name: auth_user_groups auth_user_groups_user_id_6a12ed8b_fk_auth_user_id; Type: FK CONSTRAINT; Schema: public; Owner: postgres
--

ALTER TABLE ONLY public.auth_user_groups
    ADD CONSTRAINT auth_user_groups_user_id_6a12ed8b_fk_auth_user_id FOREIGN KEY (user_id) REFERENCES public.auth_user(id) DEFERRABLE INITIALLY DEFERRED;


--
-- Name: auth_user_user_permissions auth_user_user_permi_permission_id_1fbb5f2c_fk_auth_perm; Type: FK CONSTRAINT; Schema: public; Owner: postgres
--

ALTER TABLE ONLY public.auth_user_user_permissions
    ADD CONSTRAINT auth_user_user_permi_permission_id_1fbb5f2c_fk_auth_perm FOREIGN KEY (permission_id) REFERENCES public.auth_permission(id) DEFERRABLE INITIALLY DEFERRED;


--
-- Name: auth_user_user_permissions auth_user_user_permissions_user_id_a95ead1b_fk_auth_user_id; Type: FK CONSTRAINT; Schema: public; Owner: postgres
--

ALTER TABLE ONLY public.auth_user_user_permissions
    ADD CONSTRAINT auth_user_user_permissions_user_id_a95ead1b_fk_auth_user_id FOREIGN KEY (user_id) REFERENCES public.auth_user(id) DEFERRABLE INITIALLY DEFERRED;


--
-- Name: categories categories_parent_id_fkey; Type: FK CONSTRAINT; Schema: public; Owner: postgres
--

ALTER TABLE ONLY public.categories
    ADD CONSTRAINT categories_parent_id_fkey FOREIGN KEY (parent_id) REFERENCES public.categories(id) ON DELETE SET NULL;


--
-- Name: certificates certificates_user_id_fkey; Type: FK CONSTRAINT; Schema: public; Owner: postgres
--

ALTER TABLE ONLY public.certificates
    ADD CONSTRAINT certificates_user_id_fkey FOREIGN KEY (user_id) REFERENCES public.users(id) ON DELETE CASCADE;


--
-- Name: comments comments_parent_id_fkey; Type: FK CONSTRAINT; Schema: public; Owner: postgres
--

ALTER TABLE ONLY public.comments
    ADD CONSTRAINT comments_parent_id_fkey FOREIGN KEY (parent_id) REFERENCES public.comments(id) ON DELETE CASCADE;


--
-- Name: comments comments_user_id_fkey; Type: FK CONSTRAINT; Schema: public; Owner: postgres
--

ALTER TABLE ONLY public.comments
    ADD CONSTRAINT comments_user_id_fkey FOREIGN KEY (user_id) REFERENCES public.users(id) ON DELETE CASCADE;


--
-- Name: courses courses_category_id_fkey; Type: FK CONSTRAINT; Schema: public; Owner: postgres
--

ALTER TABLE ONLY public.courses
    ADD CONSTRAINT courses_category_id_fkey FOREIGN KEY (category_id) REFERENCES public.categories(id);


--
-- Name: courses courses_instructor_id_fkey; Type: FK CONSTRAINT; Schema: public; Owner: postgres
--

ALTER TABLE ONLY public.courses
    ADD CONSTRAINT courses_instructor_id_fkey FOREIGN KEY (instructor_id) REFERENCES public.users(id);


--
-- Name: courses_user_groups courses_user_groups_group_id_f1b5c084_fk_auth_group_id; Type: FK CONSTRAINT; Schema: public; Owner: postgres
--

ALTER TABLE ONLY public.courses_user_groups
    ADD CONSTRAINT courses_user_groups_group_id_f1b5c084_fk_auth_group_id FOREIGN KEY (group_id) REFERENCES public.auth_group(id) DEFERRABLE INITIALLY DEFERRED;


--
-- Name: courses_user_user_permissions courses_user_user_pe_permission_id_5803efd0_fk_auth_perm; Type: FK CONSTRAINT; Schema: public; Owner: postgres
--

ALTER TABLE ONLY public.courses_user_user_permissions
    ADD CONSTRAINT courses_user_user_pe_permission_id_5803efd0_fk_auth_perm FOREIGN KEY (permission_id) REFERENCES public.auth_permission(id) DEFERRABLE INITIALLY DEFERRED;


--
-- Name: django_admin_log django_admin_log_content_type_id_c4bce8eb_fk_django_co; Type: FK CONSTRAINT; Schema: public; Owner: postgres
--

ALTER TABLE ONLY public.django_admin_log
    ADD CONSTRAINT django_admin_log_content_type_id_c4bce8eb_fk_django_co FOREIGN KEY (content_type_id) REFERENCES public.django_content_type(id) DEFERRABLE INITIALLY DEFERRED;


--
-- Name: django_admin_log django_admin_log_user_id_c564eba6_fk_auth_user_id; Type: FK CONSTRAINT; Schema: public; Owner: postgres
--

ALTER TABLE ONLY public.django_admin_log
    ADD CONSTRAINT django_admin_log_user_id_c564eba6_fk_auth_user_id FOREIGN KEY (user_id) REFERENCES public.auth_user(id) DEFERRABLE INITIALLY DEFERRED;


--
-- Name: enrollments enrollments_course_id_fkey; Type: FK CONSTRAINT; Schema: public; Owner: postgres
--

ALTER TABLE ONLY public.enrollments
    ADD CONSTRAINT enrollments_course_id_fkey FOREIGN KEY (course_id) REFERENCES public.courses(id) ON DELETE CASCADE;


--
-- Name: enrollments enrollments_payment_id_fkey; Type: FK CONSTRAINT; Schema: public; Owner: postgres
--

ALTER TABLE ONLY public.enrollments
    ADD CONSTRAINT enrollments_payment_id_fkey FOREIGN KEY (payment_id) REFERENCES public.payments(id) ON DELETE SET NULL;


--
-- Name: enrollments enrollments_user_id_fkey; Type: FK CONSTRAINT; Schema: public; Owner: postgres
--

ALTER TABLE ONLY public.enrollments
    ADD CONSTRAINT enrollments_user_id_fkey FOREIGN KEY (user_id) REFERENCES public.users(id) ON DELETE CASCADE;


--
-- Name: lessons lessons_module_id_fkey; Type: FK CONSTRAINT; Schema: public; Owner: postgres
--

ALTER TABLE ONLY public.lessons
    ADD CONSTRAINT lessons_module_id_fkey FOREIGN KEY (module_id) REFERENCES public.modules(id) ON DELETE CASCADE;


--
-- Name: modules modules_course_id_fkey; Type: FK CONSTRAINT; Schema: public; Owner: postgres
--

ALTER TABLE ONLY public.modules
    ADD CONSTRAINT modules_course_id_fkey FOREIGN KEY (course_id) REFERENCES public.courses(id) ON DELETE CASCADE;


--
-- Name: payments payments_user_id_fkey; Type: FK CONSTRAINT; Schema: public; Owner: postgres
--

ALTER TABLE ONLY public.payments
    ADD CONSTRAINT payments_user_id_fkey FOREIGN KEY (user_id) REFERENCES public.users(id) ON DELETE CASCADE;


--
-- Name: ratings ratings_course_id_fkey; Type: FK CONSTRAINT; Schema: public; Owner: postgres
--

ALTER TABLE ONLY public.ratings
    ADD CONSTRAINT ratings_course_id_fkey FOREIGN KEY (course_id) REFERENCES public.courses(id) ON DELETE CASCADE;


--
-- Name: ratings ratings_user_id_fkey; Type: FK CONSTRAINT; Schema: public; Owner: postgres
--

ALTER TABLE ONLY public.ratings
    ADD CONSTRAINT ratings_user_id_fkey FOREIGN KEY (user_id) REFERENCES public.users(id) ON DELETE CASCADE;


--
-- Name: submissions submissions_assignment_id_fkey; Type: FK CONSTRAINT; Schema: public; Owner: postgres
--

ALTER TABLE ONLY public.submissions
    ADD CONSTRAINT submissions_assignment_id_fkey FOREIGN KEY (assignment_id) REFERENCES public.assignments(id) ON DELETE CASCADE;


--
-- Name: submissions submissions_user_id_fkey; Type: FK CONSTRAINT; Schema: public; Owner: postgres
--

ALTER TABLE ONLY public.submissions
    ADD CONSTRAINT submissions_user_id_fkey FOREIGN KEY (user_id) REFERENCES public.users(id) ON DELETE CASCADE;


--
-- Name: users_courses users_courses_course_id_fkey; Type: FK CONSTRAINT; Schema: public; Owner: postgres
--

ALTER TABLE ONLY public.users_courses
    ADD CONSTRAINT users_courses_course_id_fkey FOREIGN KEY (course_id) REFERENCES public.courses(id) ON DELETE CASCADE;


--
-- Name: users_courses users_courses_user_id_fkey; Type: FK CONSTRAINT; Schema: public; Owner: postgres
--

ALTER TABLE ONLY public.users_courses
    ADD CONSTRAINT users_courses_user_id_fkey FOREIGN KEY (user_id) REFERENCES public.users(id) ON DELETE CASCADE;


--
-- Name: users_groups users_groups_group_id_2f3517aa_fk_auth_group_id; Type: FK CONSTRAINT; Schema: public; Owner: postgres
--

ALTER TABLE ONLY public.users_groups
    ADD CONSTRAINT users_groups_group_id_2f3517aa_fk_auth_group_id FOREIGN KEY (group_id) REFERENCES public.auth_group(id) DEFERRABLE INITIALLY DEFERRED;


--
-- Name: users_groups users_groups_user_id_f500bee5_fk_users_id; Type: FK CONSTRAINT; Schema: public; Owner: postgres
--

ALTER TABLE ONLY public.users_groups
    ADD CONSTRAINT users_groups_user_id_f500bee5_fk_users_id FOREIGN KEY (user_id) REFERENCES public.users(id) DEFERRABLE INITIALLY DEFERRED;


--
-- Name: users_roles users_roles_role_id_fkey; Type: FK CONSTRAINT; Schema: public; Owner: postgres
--

ALTER TABLE ONLY public.users_roles
    ADD CONSTRAINT users_roles_role_id_fkey FOREIGN KEY (role_id) REFERENCES public.roles(id) ON DELETE CASCADE;


--
-- Name: users_roles users_roles_user_id_fkey; Type: FK CONSTRAINT; Schema: public; Owner: postgres
--

ALTER TABLE ONLY public.users_roles
    ADD CONSTRAINT users_roles_user_id_fkey FOREIGN KEY (user_id) REFERENCES public.users(id) ON DELETE CASCADE;


--
-- Name: users_user_permissions users_user_permissio_permission_id_6d08dcd2_fk_auth_perm; Type: FK CONSTRAINT; Schema: public; Owner: postgres
--

ALTER TABLE ONLY public.users_user_permissions
    ADD CONSTRAINT users_user_permissio_permission_id_6d08dcd2_fk_auth_perm FOREIGN KEY (permission_id) REFERENCES public.auth_permission(id) DEFERRABLE INITIALLY DEFERRED;


--
-- Name: users_user_permissions users_user_permissions_user_id_92473840_fk_users_id; Type: FK CONSTRAINT; Schema: public; Owner: postgres
--

ALTER TABLE ONLY public.users_user_permissions
    ADD CONSTRAINT users_user_permissions_user_id_92473840_fk_users_id FOREIGN KEY (user_id) REFERENCES public.users(id) DEFERRABLE INITIALLY DEFERRED;


--
-- PostgreSQL database dump complete
--

\unrestrict daOci35QLggtrQOtc283Qtn9G6P77Cg3ZOJe5wQHQ2F6KNGb1Xluh3AnbcESFWq

